id,session_time_ms,race_time_ms,filename,soc,drive_torque,steer_angle,status,pos_z,pos_x,yaw,pos_y,error_code
45,0,0,frame_000045.jpg,1.000,0.000,0.000,StartSequence,0.000000,-0.700000,0.000,0.001228,999
46,55,0,frame_000046.jpg,1.000,0.000,0.000,StartSequence,0.000000,-0.700000,0.000,-0.000010,999
47,109,0,frame_000047.jpg,1.000,0.000,0.000,StartSequence,0.000003,-0.700001,0.000,0.000046,999
48,164,0,frame_000048.jpg,1.000,0.000,0.000,StartSequence,0.000004,-0.700001,0.000,0.000157,999
49,218,0,frame_000049.jpg,1.000,0.000,0.000,StartSequence,0.000004,-0.700001,0.000,0.000443,999
50,273,0,frame_000050.jpg,1.000,0.000,0.000,StartSequence,0.000004,-0.700001,0.000,0.000764,999
51,327,0,frame_000051.jpg,1.000,0.000,0.000,StartSequence,0.000004,-0.700001,0.000,0.001076,999
52,382,0,frame_000052.jpg,1.000,0.000,0.000,StartSequence,0.000004,-0.700001,0.000,0.001364,999
53,437,0,frame_000053.jpg,1.000,0.000,0.000,StartSequence,0.000003,-0.700001,0.000,0.001629,999
54,491,0,frame_000054.jpg,1.000,0.000,0.000,StartSequence,0.000003,-0.700001,0.000,0.001870,999
55,546,0,frame_000055.jpg,1.000,0.000,0.000,StartSequence,0.000003,-0.700001,0.000,0.002089,999
56,600,0,frame_000056.jpg,1.000,0.000,0.000,StartSequence,0.000003,-0.700001,0.000,0.002290,999
57,655,0,frame_000057.jpg,1.000,0.000,0.000,StartSequence,0.000003,-0.700001,0.000,0.002473,999
58,709,0,frame_000058.jpg,1.000,0.000,0.000,StartSequence,0.000002,-0.700001,0.000,0.002639,999
59,764,0,frame_000059.jpg,1.000,0.000,0.000,StartSequence,0.000002,-0.700000,0.000,0.002791,999
60,818,0,frame_000060.jpg,1.000,0.000,0.000,StartSequence,0.000002,-0.700000,0.000,0.002929,999
61,873,0,frame_000061.jpg,1.000,0.000,0.000,StartSequence,0.000002,-0.700000,0.000,0.003055,999
62,928,0,frame_000062.jpg,1.000,0.000,0.000,StartSequence,0.000002,-0.700000,0.000,0.003170,999
63,982,0,frame_000063.jpg,1.000,0.000,0.000,StartSequence,0.000002,-0.700000,0.000,0.003275,999
64,1037,0,frame_000064.jpg,1.000,0.000,0.000,StartSequence,0.000001,-0.700000,0.000,0.003370,999
65,1091,0,frame_000065.jpg,1.000,0.000,0.000,StartSequence,0.000001,-0.699999,0.000,0.003457,999
66,1146,0,frame_000066.jpg,1.000,0.000,0.000,StartSequence,0.000001,-0.699999,0.000,0.003536,999
67,1200,0,frame_000067.jpg,1.000,0.000,0.000,StartSequence,0.000001,-0.699999,0.000,0.003609,999
68,1255,0,frame_000068.jpg,1.000,0.000,0.000,StartSequence,0.000001,-0.699999,0.000,0.003674,999
69,1309,0,frame_000069.jpg,1.000,0.000,0.000,StartSequence,0.000001,-0.699999,0.000,0.003735,999
70,1364,0,frame_000070.jpg,1.000,0.000,0.000,StartSequence,0.000001,-0.699999,0.000,0.003789,999
71,1424,0,frame_000071.jpg,1.000,0.000,0.000,StartSequence,0.000001,-0.699998,0.000,0.003844,999
72,1475,0,frame_000072.jpg,1.000,0.000,0.000,StartSequence,0.000001,-0.699998,0.000,0.003886,999
73,1527,0,frame_000073.jpg,1.000,0.000,0.000,StartSequence,0.000001,-0.699998,0.000,0.003926,999
74,1582,0,frame_000074.jpg,1.000,0.000,0.000,StartSequence,0.000001,-0.699998,0.000,0.003963,999
75,1636,0,frame_000075.jpg,1.000,0.000,0.000,StartSequence,0.000001,-0.699998,0.000,0.003998,999
76,1691,0,frame_000076.jpg,1.000,0.000,0.000,StartSequence,0.000001,-0.699998,0.000,0.004029,999
77,1746,0,frame_000077.jpg,1.000,0.000,0.000,StartSequence,0.000001,-0.699998,0.000,0.004058,999
78,1800,0,frame_000078.jpg,1.000,0.000,0.000,StartSequence,0.000001,-0.699998,0.000,0.004084,999
79,1855,0,frame_000079.jpg,1.000,0.000,0.000,StartSequence,0.000000,-0.699998,0.000,0.004108,999
80,1909,0,frame_000080.jpg,1.000,0.000,0.000,StartSequence,0.000000,-0.699998,0.000,0.004129,999
81,1964,0,frame_000081.jpg,1.000,0.000,0.000,StartSequence,0.000000,-0.699998,0.000,0.004149,999
82,2018,0,frame_000082.jpg,1.000,0.000,0.000,StartSequence,0.000000,-0.699998,0.000,0.004167,999
83,2073,0,frame_000083.jpg,1.000,0.000,0.000,StartSequence,0.000000,-0.699998,0.000,0.004183,999
84,2127,0,frame_000084.jpg,1.000,0.000,0.000,StartSequence,0.000000,-0.699998,0.000,0.004198,999
85,2182,0,frame_000085.jpg,1.000,0.000,0.000,StartSequence,0.000000,-0.699998,0.000,0.004212,999
86,2236,0,frame_000086.jpg,1.000,0.000,0.000,StartSequence,0.000000,-0.699998,0.000,0.004224,999
87,2291,0,frame_000087.jpg,1.000,0.000,0.000,StartSequence,0.000000,-0.699998,0.000,0.004235,999
88,2346,0,frame_000088.jpg,1.000,0.000,0.000,StartSequence,0.000000,-0.699998,0.000,0.004246,999
89,2400,0,frame_000089.jpg,1.000,0.000,0.000,StartSequence,0.000000,-0.699998,0.000,0.004255,999
90,2455,0,frame_000090.jpg,1.000,0.000,0.000,StartSequence,0.000000,-0.699998,0.000,0.004264,999
91,2509,0,frame_000091.jpg,1.000,0.000,0.000,StartSequence,0.000000,-0.699998,0.000,0.004271,999
92,2564,0,frame_000092.jpg,1.000,0.000,0.000,StartSequence,0.000000,-0.699998,0.000,0.004278,999
93,2618,0,frame_000093.jpg,1.000,0.000,0.000,StartSequence,0.000000,-0.699998,0.000,0.004285,999
94,2673,0,frame_000094.jpg,1.000,0.000,0.000,StartSequence,0.000000,-0.699998,0.000,0.004291,999
95,2727,0,frame_000095.jpg,1.000,0.000,0.000,StartSequence,0.000000,-0.699998,0.000,0.004296,999
96,2782,0,frame_000096.jpg,1.000,0.000,0.000,StartSequence,0.000000,-0.699998,0.000,0.004301,999
97,2837,0,frame_000097.jpg,1.000,0.000,0.000,StartSequence,0.000000,-0.699998,0.000,0.004306,999
98,2891,0,frame_000098.jpg,1.000,0.000,0.000,StartSequence,0.000000,-0.699998,0.000,0.004310,999
99,2946,0,frame_000099.jpg,1.000,0.000,0.000,StartSequence,0.000000,-0.699998,0.000,0.004313,999
100,3000,0,frame_000100.jpg,1.000,0.000,0.000,StartSequence,0.000000,-0.699998,0.000,0.004317,999
101,3055,0,frame_000101.jpg,1.000,0.000,0.000,StartSequence,0.000000,-0.699998,0.000,0.004320,999
102,3109,0,frame_000102.jpg,1.000,0.000,0.000,StartSequence,0.000000,-0.699998,0.000,0.004323,999
103,3164,0,frame_000103.jpg,1.000,0.000,0.000,StartSequence,0.000000,-0.699998,0.000,0.004325,999
104,3218,0,frame_000104.jpg,1.000,0.000,0.000,StartSequence,0.000000,-0.699998,0.000,0.004328,999
105,3273,0,frame_000105.jpg,1.000,0.000,0.000,StartSequence,0.000000,-0.699998,0.000,0.004330,999
106,3327,0,frame_000106.jpg,1.000,0.000,0.000,StartSequence,0.000000,-0.699998,0.000,0.004332,999
107,3382,0,frame_000107.jpg,1.000,0.000,0.000,StartSequence,0.000000,-0.699998,0.000,0.004333,999
108,3436,0,frame_000108.jpg,1.000,0.000,0.000,StartSequence,0.000000,-0.699998,0.000,0.004335,999
109,3491,0,frame_000109.jpg,1.000,0.000,0.000,StartSequence,0.000000,-0.699998,0.000,0.004336,999
110,3546,0,frame_000110.jpg,1.000,0.000,0.000,StartSequence,0.000000,-0.699998,0.000,0.004338,999
111,3600,0,frame_000111.jpg,1.000,0.000,0.000,StartSequence,0.000000,-0.699998,0.000,0.004339,999
112,3655,0,frame_000112.jpg,1.000,0.000,0.000,StartSequence,0.000000,-0.699998,0.000,0.004340,999
113,3709,0,frame_000113.jpg,1.000,0.000,0.000,StartSequence,0.000000,-0.699998,0.000,0.004341,999
114,3764,0,frame_000114.jpg,1.000,0.000,0.000,StartSequence,0.000000,-0.699998,0.000,0.004342,999
115,3818,0,frame_000115.jpg,1.000,0.000,0.000,StartSequence,0.000000,-0.699998,0.000,0.004343,999
116,3873,0,frame_000116.jpg,1.000,0.000,0.000,StartSequence,0.000000,-0.699998,0.000,0.004344,999
117,3927,0,frame_000117.jpg,1.000,0.000,0.000,StartSequence,0.000000,-0.699998,0.000,0.004344,999
118,3982,0,frame_000118.jpg,1.000,0.000,0.000,Lap0,0.000000,-0.699998,0.000,0.004345,999
119,4036,55,frame_000119.jpg,1.000,0.000,0.000,Lap0,0.000000,-0.699998,0.000,0.004346,999
120,4091,109,frame_000120.jpg,1.000,0.438,0.122,Lap0,0.000000,-0.699998,0.000,0.004346,999
121,4146,164,frame_000121.jpg,1.000,0.442,0.123,Lap0,0.012273,-0.699640,0.096,0.004346,999
122,4200,218,frame_000122.jpg,1.000,0.575,0.160,Lap0,0.037911,-0.698284,0.612,0.004347,999
123,4255,273,frame_000123.jpg,1.000,0.611,0.178,Lap0,0.072546,-0.695805,1.625,0.004347,999
124,4309,327,frame_000124.jpg,1.000,0.611,0.178,Lap0,0.111873,-0.691856,3.066,0.004347,999
125,4364,382,frame_000125.jpg,1.000,0.609,0.202,Lap0,0.153254,-0.686343,4.821,0.004347,999
126,4418,436,frame_000126.jpg,1.000,0.615,0.199,Lap0,0.195150,-0.679226,6.840,0.004346,999
127,4473,491,frame_000127.jpg,1.000,0.466,0.206,Lap0,0.237331,-0.670499,8.968,0.004346,999
128,4527,546,frame_000128.jpg,1.000,0.429,0.208,Lap0,0.275479,-0.660782,11.178,0.004345,999
129,4582,600,frame_000129.jpg,1.000,0.374,0.182,Lap0,0.308305,-0.651075,13.295,0.004345,999
130,4636,655,frame_000130.jpg,0.999,0.434,-0.145,Lap0,0.337498,-0.641606,15.135,0.004345,999
131,4691,709,frame_000131.jpg,0.999,0.449,-0.227,Lap0,0.367312,-0.636156,15.053,0.004344,999
132,4746,764,frame_000132.jpg,0.999,0.380,-0.372,Lap0,0.397437,-0.632009,13.477,0.004344,999
133,4800,818,frame_000133.jpg,0.999,0.359,-0.322,Lap0,0.425539,-0.629907,10.924,0.004343,999
134,4855,873,frame_000134.jpg,0.999,0.359,-0.322,Lap0,0.452309,-0.628589,8.352,0.004342,999
135,4909,927,frame_000135.jpg,0.999,0.523,-0.261,Lap0,0.480570,-0.627822,5.988,0.004564,999
136,4964,982,frame_000136.jpg,0.999,0.655,-0.118,Lap0,0.515002,-0.627487,3.776,0.005183,999
137,5018,1037,frame_000137.jpg,0.999,0.655,-0.118,Lap0,0.556803,-0.626606,2.027,0.005068,999
138,5073,1091,frame_000138.jpg,0.999,0.442,0.344,Lap0,0.599577,-0.623659,1.384,0.005603,999
139,5127,1146,frame_000139.jpg,0.999,0.378,0.494,Lap0,0.635425,-0.618331,2.850,0.004814,999
140,5182,1200,frame_000140.jpg,0.999,0.377,0.495,Lap0,0.664863,-0.610860,5.881,0.004445,999
141,5236,1254,frame_000141.jpg,0.999,0.358,0.524,Lap0,0.690573,-0.602458,9.430,0.004249,999
142,5291,1309,frame_000142.jpg,0.999,0.625,0.182,Lap0,0.715433,-0.593350,12.967,0.004680,999
143,5346,1364,frame_000143.jpg,0.999,0.625,0.181,Lap0,0.749710,-0.582815,15.436,0.005056,999
144,5400,1418,frame_000144.jpg,0.999,0.432,-0.486,Lap0,0.788559,-0.571504,17.008,0.004943,999
145,5455,1473,frame_000145.jpg,0.999,0.375,-0.524,Lap0,0.822727,-0.566012,15.983,0.005310,999
146,5509,1527,frame_000146.jpg,0.999,0.375,-0.524,Lap0,0.852160,-0.563358,13.161,0.004983,999
147,5564,1582,frame_000147.jpg,0.999,0.357,-0.474,Lap0,0.879037,-0.562405,9.812,0.004499,999
148,5618,1636,frame_000148.jpg,0.999,0.107,-0.524,Lap0,0.903134,-0.563395,6.430,0.004509,999
149,5673,1691,frame_000149.jpg,0.999,0.047,-0.257,Lap0,0.918246,-0.565597,3.325,0.004372,999
150,5727,1745,frame_000150.jpg,0.999,0.032,-0.190,Lap0,0.927371,-0.566134,1.548,0.004469,999
151,5782,1800,frame_000151.jpg,0.999,0.507,-0.023,Lap0,0.935861,-0.566477,0.870,0.004648,999
152,5836,1855,frame_000152.jpg,0.999,0.603,0.052,Lap0,0.951275,-0.566341,0.602,0.004786,999
153,5891,1909,frame_000153.jpg,0.999,0.626,0.071,Lap0,0.984605,-0.565318,0.624,0.004825,999
154,5945,1964,frame_000154.jpg,0.999,0.636,0.133,Lap0,1.025725,-0.563988,0.856,0.005045,999
155,6000,2018,frame_000155.jpg,0.999,0.636,0.136,Lap0,1.071130,-0.561776,1.333,0.005673,999
156,6055,2073,frame_000156.jpg,0.999,0.708,0.030,Lap0,1.118073,-0.559227,2.166,0.005682,999
157,6109,2127,frame_000157.jpg,0.998,0.717,0.040,Lap0,1.167241,-0.556743,2.834,0.004773,999
158,6164,2182,frame_000158.jpg,0.998,0.667,-0.086,Lap0,1.217709,-0.553552,3.346,0.004481,999
159,6218,2236,frame_000159.jpg,0.998,0.654,-0.117,Lap0,1.267952,-0.551764,3.296,0.005838,999
160,6273,2291,frame_000160.jpg,0.998,0.618,0.117,Lap0,1.318018,-0.550529,2.696,0.004993,999
161,6327,2346,frame_000161.jpg,0.998,0.618,0.119,Lap0,1.365563,-0.546963,2.743,0.004982,999
162,6382,2400,frame_000162.jpg,0.998,0.566,0.174,Lap0,1.411626,-0.542713,3.472,0.005140,999
163,6436,2455,frame_000163.jpg,0.998,0.415,0.523,Lap0,1.454806,-0.537452,4.696,0.004424,999
164,6491,2509,frame_000164.jpg,0.998,0.415,0.524,Lap0,1.489783,-0.527756,7.540,0.005150,999
165,6546,2564,frame_000165.jpg,0.998,0.369,0.524,Lap0,1.519497,-0.517484,11.315,0.004821,999
166,6600,2618,frame_000166.jpg,0.998,0.356,0.524,Lap0,1.545342,-0.506406,15.230,0.004837,999
167,6655,2673,frame_000167.jpg,0.998,0.356,0.524,Lap0,1.569086,-0.494401,19.006,0.004990,999
168,6709,2727,frame_000168.jpg,0.998,0.419,0.524,Lap0,1.591643,-0.481005,22.577,0.004464,999
169,6764,2782,frame_000169.jpg,0.998,0.371,0.524,Lap0,1.614312,-0.465504,26.138,0.004657,999
170,6818,2836,frame_000170.jpg,0.998,0.371,0.524,Lap0,1.635928,-0.448837,29.709,0.005090,999
171,6873,2891,frame_000171.jpg,0.998,0.356,0.524,Lap0,1.655740,-0.431429,33.214,0.004430,999
172,6927,2945,frame_000172.jpg,0.998,0.352,0.524,Lap0,1.673537,-0.413470,36.686,0.004634,999
173,6982,3000,frame_000173.jpg,0.998,0.155,0.524,Lap0,1.689786,-0.394942,40.075,0.004382,999
174,7036,3054,frame_000174.jpg,0.998,0.106,0.524,Lap0,1.701736,-0.378704,43.403,0.004742,999
175,7091,3109,frame_000175.jpg,0.998,0.032,0.524,Lap0,1.708343,-0.368142,46.146,0.004441,999
176,7146,3164,frame_000176.jpg,0.998,0.032,0.524,Lap0,1.711758,-0.361762,48.022,0.004359,999
177,7200,3218,frame_000177.jpg,0.998,0.415,0.054,Lap0,1.717672,-0.354229,48.935,0.004500,999
178,7254,3273,frame_000178.jpg,0.998,0.598,-0.061,Lap0,1.727172,-0.343313,49.157,0.004610,999
179,7309,3327,frame_000179.jpg,0.998,0.678,0.013,Lap0,1.749590,-0.318235,49.114,0.005051,999
180,7364,3382,frame_000180.jpg,0.998,0.681,0.016,Lap0,1.777254,-0.286310,49.113,0.005444,999
181,7418,3436,frame_000181.jpg,0.998,0.601,-0.186,Lap0,1.809292,-0.249204,49.139,0.005226,999
182,7473,3491,frame_000182.jpg,0.998,0.600,-0.188,Lap0,1.842082,-0.215067,48.288,0.005503,999
183,7527,3546,frame_000183.jpg,0.998,0.425,0.252,Lap0,1.872790,-0.183010,47.146,0.004275,999
184,7582,3600,frame_000184.jpg,0.998,0.372,0.521,Lap0,1.894590,-0.153631,48.057,0.004656,999
185,7636,3655,frame_000185.jpg,0.998,0.372,0.524,Lap0,1.909741,-0.127248,51.028,0.004762,999
186,7691,3709,frame_000186.jpg,0.998,0.357,0.524,Lap0,1.922010,-0.109908,54.568,0.004978,999
187,7745,3764,frame_000187.jpg,0.997,0.530,0.368,Lap0,1.933483,-0.126239,57.269,0.005453,999
188,7800,3818,frame_000188.jpg,0.997,0.530,0.368,Lap0,1.945220,-0.125458,57.813,0.005973,999
189,7855,3873,frame_000189.jpg,0.997,0.404,0.524,Lap0,1.959284,-0.102172,57.253,0.005873,999
190,7909,3927,frame_000190.jpg,0.997,0.366,0.524,Lap0,1.982685,-0.094892,58.337,0.004792,999
191,7964,3982,frame_000191.jpg,0.997,0.366,0.524,Lap0,2.010456,-0.099079,59.150,0.005495,999
192,8018,4036,frame_000192.jpg,0.997,0.355,0.524,Lap0,2.020615,-0.083619,58.642,0.005522,999
193,8073,4091,frame_000193.jpg,0.997,0.106,0.524,Lap0,2.028553,-0.064517,59.406,0.004817,999
194,8127,4145,frame_000194.jpg,0.997,0.033,0.524,Lap0,2.032282,-0.051984,61.252,0.003936,999
195,8182,4200,frame_000195.jpg,0.997,0.032,0.524,Lap0,2.033828,-0.045042,63.029,0.003686,999
196,8236,4255,frame_000196.jpg,0.997,0.010,0.524,Lap0,2.035992,-0.039697,63.201,0.003662,999
197,8291,4309,frame_000197.jpg,0.997,0.248,0.524,Lap0,2.035719,-0.038049,63.387,0.003700,999
198,8345,4364,frame_000198.jpg,0.997,0.248,0.524,Lap0,2.037935,-0.032322,64.348,0.003751,999
199,8400,4418,frame_000199.jpg,0.997,0.319,0.524,Lap0,2.041636,-0.021162,64.696,0.003801,999
200,8455,4473,frame_000200.jpg,0.997,0.341,0.524,Lap0,2.045755,-0.003344,66.712,0.003849,999
201,8509,4527,frame_000201.jpg,0.997,0.150,0.524,Lap0,2.049689,0.017298,69.379,0.003891,999
202,8564,4582,frame_000202.jpg,0.997,0.102,0.524,Lap0,2.051480,0.034114,72.316,0.003931,999
203,8618,4636,frame_000203.jpg,0.997,0.031,0.524,Lap0,2.051996,0.044898,74.764,0.003967,999
204,8673,4691,frame_000204.jpg,0.997,0.013,-0.140,Lap0,2.052674,0.054456,76.287,0.004001,999
205,8727,4745,frame_000205.jpg,0.997,0.009,-0.306,Lap0,2.054573,0.059570,76.351,0.004032,999
206,8782,4800,frame_000206.jpg,0.997,0.248,0.458,Lap0,2.055173,0.062854,76.232,0.004061,999
207,8836,4855,frame_000207.jpg,0.997,0.319,0.523,Lap0,2.056908,0.073711,76.843,0.004086,999
208,8891,4909,frame_000208.jpg,0.997,0.319,0.524,Lap0,2.056988,0.080888,77.721,0.004109,999
209,8946,4964,frame_000209.jpg,0.997,0.341,0.524,Lap0,2.057149,0.099481,79.577,0.004129,999
210,9000,5018,frame_000210.jpg,0.997,0.104,0.524,Lap0,2.056389,0.120266,82.210,0.004147,999
211,9055,5073,frame_000211.jpg,0.997,0.102,0.524,Lap0,2.054504,0.135534,85.087,0.004414,999
212,9109,5127,frame_000212.jpg,0.997,0.031,0.524,Lap0,2.052835,0.144953,87.360,0.004584,999
213,9164,5182,frame_000213.jpg,0.997,0.009,0.524,Lap0,2.051498,0.150177,88.998,0.004588,999
214,9218,5236,frame_000214.jpg,0.997,0.009,0.524,Lap0,2.051096,0.155839,89.516,0.004628,999
215,9273,5291,frame_000215.jpg,0.997,0.248,0.524,Lap0,2.050011,0.156354,89.891,0.004695,999
216,9327,5345,frame_000216.jpg,0.997,0.319,0.524,Lap0,2.048924,0.167508,90.499,0.004777,999
217,9382,5400,frame_000217.jpg,0.997,0.319,0.524,Lap0,2.045547,0.184394,92.207,0.004755,999
218,9436,5455,frame_000218.jpg,0.997,0.341,0.524,Lap0,2.040746,0.204019,94.636,0.004616,999
219,9491,5509,frame_000219.jpg,0.997,0.102,0.524,Lap0,2.034541,0.224295,97.531,0.004439,999
220,9545,5564,frame_000220.jpg,0.997,0.034,0.457,Lap0,2.029263,0.237419,100.311,0.004302,999
221,9600,5618,frame_000221.jpg,0.997,0.031,0.454,Lap0,2.025765,0.245438,102.357,0.004294,999
222,9655,5673,frame_000222.jpg,0.997,0.009,0.473,Lap0,2.023084,0.253447,103.950,0.004319,999
223,9709,5727,frame_000223.jpg,0.997,0.200,0.452,Lap0,2.019836,0.260626,105.745,0.004349,999
224,9764,5782,frame_000224.jpg,0.997,0.248,0.447,Lap0,2.016981,0.266787,107.524,0.004552,999
225,9818,5836,frame_000225.jpg,0.997,0.319,0.524,Lap0,2.009531,0.282270,109.473,0.004722,999
226,9873,5891,frame_000226.jpg,0.997,0.274,0.524,Lap0,2.000593,0.297176,111.320,0.004689,999
227,9927,5945,frame_000227.jpg,0.997,0.272,0.524,Lap0,1.990719,0.312167,113.664,0.004542,999
228,9982,6000,frame_000228.jpg,0.997,0.240,0.524,Lap0,1.979811,0.327387,116.338,0.004401,999
229,10036,6055,frame_000229.jpg,0.997,0.220,0.524,Lap0,1.968795,0.341061,119.020,0.004306,999
230,10091,6109,frame_000230.jpg,0.997,0.215,0.524,Lap0,1.958005,0.353171,121.586,0.004256,999
231,10145,6164,frame_000231.jpg,0.997,0.193,0.524,Lap0,1.947379,0.364113,124.019,0.004433,999
232,10200,6218,frame_000232.jpg,0.997,0.178,0.488,Lap0,1.937041,0.373911,126.307,0.004360,999
233,10255,6273,frame_000233.jpg,0.997,0.174,0.479,Lap0,1.927075,0.382859,128.396,0.004374,999
234,10309,6327,frame_000234.jpg,0.997,0.156,0.431,Lap0,1.917431,0.391080,130.290,0.004405,999
235,10364,6382,frame_000235.jpg,0.997,0.287,0.498,Lap0,1.908221,0.398649,131.975,0.004419,999
236,10418,6436,frame_000236.jpg,0.997,0.292,0.501,Lap0,1.897047,0.407272,133.658,0.004564,999
237,10473,6491,frame_000237.jpg,0.997,0.088,0.524,Lap0,1.883174,0.416941,135.719,0.004687,999
238,10527,6545,frame_000238.jpg,0.997,0.088,0.524,Lap0,1.873247,0.422758,137.858,0.004545,999
239,10582,6600,frame_000239.jpg,0.997,0.026,0.524,Lap0,1.866438,0.426389,139.514,0.004559,999
240,10636,6655,frame_000240.jpg,0.997,0.008,0.524,Lap0,1.860736,0.430048,140.269,0.004689,999
241,10691,6709,frame_000241.jpg,0.997,0.008,0.524,Lap0,1.859890,0.429715,140.874,0.004816,999
242,10746,6764,frame_000242.jpg,0.997,0.247,0.524,Lap0,1.857700,0.431175,141.273,0.004956,999
243,10800,6818,frame_000243.jpg,0.997,0.316,0.524,Lap0,1.847008,0.437576,142.014,0.005051,999
244,10855,6873,frame_000244.jpg,0.997,0.319,0.524,Lap0,1.831933,0.445429,143.649,0.004951,999
245,10909,6927,frame_000245.jpg,0.997,0.341,0.524,Lap0,1.813812,0.453936,145.919,0.004746,999
246,10964,6982,frame_000246.jpg,0.997,0.341,0.524,Lap0,1.793560,0.462368,148.601,0.004560,999
247,11018,7036,frame_000247.jpg,0.997,0.102,0.524,Lap0,1.776026,0.468121,151.499,0.004396,999
248,11073,7091,frame_000248.jpg,0.997,0.031,0.524,Lap0,1.764975,0.470884,153.959,0.004473,999
249,11127,7145,frame_000249.jpg,0.997,0.010,0.524,Lap0,1.759557,0.471650,155.907,0.004457,999
250,11182,7200,frame_000250.jpg,0.997,0.009,0.524,Lap0,1.754843,0.472599,157.939,0.004533,999
251,11236,7254,frame_000251.jpg,0.997,0.248,0.524,Lap0,1.748775,0.474702,158.950,0.004561,999
252,11291,7309,frame_000252.jpg,0.996,0.305,0.506,Lap0,1.746247,0.474577,159.650,0.004620,999
253,11345,7364,frame_000253.jpg,0.996,0.319,0.502,Lap0,1.731310,0.477265,160.860,0.004656,999
254,11400,7418,frame_000254.jpg,0.996,0.341,0.481,Lap0,1.712169,0.480030,162.846,0.004547,999
255,11455,7473,frame_000255.jpg,0.996,0.112,0.427,Lap0,1.690554,0.482309,165.289,0.004388,999
256,11509,7527,frame_000256.jpg,0.996,0.102,0.425,Lap0,1.673943,0.483137,167.782,0.004264,999
257,11564,7582,frame_000257.jpg,0.996,0.031,0.351,Lap0,1.663358,0.483312,169.741,0.004272,999
258,11618,7636,frame_000258.jpg,0.996,0.031,0.351,Lap0,1.656261,0.483349,170.813,0.004534,999
259,11673,7691,frame_000259.jpg,0.996,0.009,0.251,Lap0,1.653885,0.483197,171.909,0.004870,999
260,11727,7745,frame_000260.jpg,0.996,0.248,0.212,Lap0,1.650237,0.483580,172.272,0.004996,999
261,11782,7800,frame_000261.jpg,0.996,0.318,0.159,Lap0,1.648234,0.483912,172.400,0.005115,999
262,11837,7855,frame_000262.jpg,0.996,0.319,0.159,Lap0,1.632131,0.485224,172.687,0.005203,999
263,11891,7909,frame_000263.jpg,0.996,0.341,0.139,Lap0,1.611375,0.486750,173.293,0.005000,999
264,11945,7964,frame_000264.jpg,0.996,0.446,-0.124,Lap0,1.587929,0.488288,174.035,0.004790,999
265,12000,8018,frame_000265.jpg,0.996,0.472,-0.190,Lap0,1.561101,0.492234,174.075,0.004646,999
266,12055,8073,frame_000266.jpg,0.996,0.387,-0.524,Lap0,1.530893,0.498595,172.946,0.004445,999
267,12109,8127,frame_000267.jpg,0.996,0.362,-0.098,Lap0,1.503699,0.507433,170.221,0.005037,999
268,12164,8182,frame_000268.jpg,0.996,0.361,-0.080,Lap0,1.476651,0.513922,168.088,0.004608,999
269,12218,8236,frame_000269.jpg,0.996,0.572,0.068,Lap0,1.448651,0.520262,167.045,0.004620,999
270,12273,8291,frame_000270.jpg,0.996,0.606,0.151,Lap0,1.413432,0.527720,166.952,0.004451,999
271,12327,8345,frame_000271.jpg,0.996,0.607,0.154,Lap0,1.373481,0.535072,167.571,0.005314,999
272,12382,8400,frame_000272.jpg,0.996,0.633,0.157,Lap0,1.330277,0.542523,168.521,0.005029,999
273,12436,8455,frame_000273.jpg,0.996,0.437,0.437,Lap0,1.284843,0.549493,169.670,0.005153,999
274,12491,8509,frame_000274.jpg,0.996,0.435,0.439,Lap0,1.245530,0.550724,172.110,0.004875,999
275,12545,8564,frame_000275.jpg,0.996,0.375,0.502,Lap0,1.212587,0.548964,175.562,0.004672,999
276,12600,8618,frame_000276.jpg,0.996,0.593,0.086,Lap0,1.183819,0.545468,179.284,0.004630,999
277,12655,8673,frame_000277.jpg,0.996,0.593,0.085,Lap0,1.149010,0.544475,-178.570,0.004621,999
278,12709,8727,frame_000278.jpg,0.996,0.488,-0.296,Lap0,1.110470,0.544924,-178.018,0.005424,999
279,12764,8782,frame_000279.jpg,0.996,0.425,-0.378,Lap0,1.073268,0.547182,-179.167,0.004722,999
280,12818,8836,frame_000280.jpg,0.996,0.425,-0.378,Lap0,1.039891,0.551527,178.539,0.004931,999
281,12873,8891,frame_000281.jpg,0.996,0.373,-0.524,Lap0,1.010232,0.557879,175.473,0.004413,999
282,12927,8946,frame_000282.jpg,0.996,0.588,-0.272,Lap0,0.983393,0.565503,171.894,0.004787,999
283,12982,9000,frame_000283.jpg,0.996,0.588,-0.272,Lap0,0.949702,0.573919,169.082,0.004682,999
284,13036,9055,frame_000284.jpg,0.995,0.421,0.221,Lap0,0.913519,0.580329,167.790,0.004428,999
285,13091,9109,frame_000285.jpg,0.995,0.371,0.418,Lap0,0.880634,0.584464,168.562,0.005067,999
286,13145,9164,frame_000286.jpg,0.995,0.371,0.418,Lap0,0.851097,0.585760,170.709,0.004351,999
287,13200,9218,frame_000287.jpg,0.995,0.356,0.462,Lap0,0.824199,0.585136,173.610,0.004707,999
288,13255,9273,frame_000288.jpg,0.995,0.107,0.451,Lap0,0.799670,0.583175,176.683,0.004566,999
289,13309,9327,frame_000289.jpg,0.995,0.107,0.451,Lap0,0.783711,0.580579,179.488,0.004541,999
290,13364,9382,frame_000290.jpg,0.995,0.032,0.345,Lap0,0.774213,0.578856,-178.544,0.004622,999
291,13418,9436,frame_000291.jpg,0.995,0.392,-0.109,Lap0,0.765662,0.578188,-177.543,0.004780,999
292,13473,9491,frame_000292.jpg,0.995,0.392,-0.109,Lap0,0.745726,0.577878,-177.521,0.004859,999
293,13527,9545,frame_000293.jpg,0.995,0.363,-0.271,Lap0,0.720668,0.578624,-178.178,0.004660,999
294,13582,9600,frame_000294.jpg,0.995,0.354,-0.304,Lap0,0.694773,0.580478,-179.582,0.004576,999
295,13637,9655,frame_000295.jpg,0.995,0.354,-0.304,Lap0,0.668763,0.583347,178.617,0.004614,999
296,13691,9709,frame_000296.jpg,0.995,0.504,-0.281,Lap0,0.641131,0.587080,176.707,0.004911,999
297,13745,9764,frame_000297.jpg,0.995,0.396,0.132,Lap0,0.608229,0.591595,174.848,0.005115,999
298,13800,9818,frame_000298.jpg,0.995,0.370,0.250,Lap0,0.576168,0.593435,174.338,0.004658,999
299,13855,9873,frame_000299.jpg,0.995,0.364,0.280,Lap0,0.546296,0.593882,175.068,0.004696,999
300,13909,9927,frame_000300.jpg,0.995,0.354,0.345,Lap0,0.518858,0.592972,176.741,0.004305,999
301,13964,9982,frame_000301.jpg,0.995,0.108,0.322,Lap0,0.493093,0.590768,178.951,0.004764,999
302,14018,10036,frame_000302.jpg,0.995,0.106,0.322,Lap0,0.474688,0.588311,-178.886,0.004707,999
303,14073,10091,frame_000303.jpg,0.995,0.032,0.267,Lap0,0.463036,0.586380,-177.240,0.004804,999
304,14127,10145,frame_000304.jpg,0.995,0.032,0.267,Lap0,0.456404,0.585144,-176.197,0.004952,999
305,14182,10200,frame_000305.jpg,0.995,0.363,-0.177,Lap0,0.446456,0.584504,-175.838,0.005107,999
306,14236,10255,frame_000306.jpg,0.995,0.354,-0.312,Lap0,0.432966,0.584489,-176.226,0.005142,999
307,14291,10309,frame_000307.jpg,0.995,0.354,-0.312,Lap0,0.410578,0.585511,-177.391,0.005003,999
308,14345,10364,frame_000308.jpg,0.995,0.351,-0.364,Lap0,0.386297,0.587530,-179.121,0.004765,999
309,14400,10418,frame_000309.jpg,0.995,0.497,-0.307,Lap0,0.361455,0.590652,178.751,0.004577,999
310,14455,10473,frame_000310.jpg,0.995,0.498,-0.307,Lap0,0.331978,0.594659,176.593,0.004426,999
311,14509,10527,frame_000311.jpg,0.995,0.394,0.066,Lap0,0.298685,0.599646,174.470,0.005171,999
312,14564,10582,frame_000312.jpg,0.995,0.394,0.066,Lap0,0.266490,0.602531,173.585,0.004715,999
313,14618,10636,frame_000313.jpg,0.995,0.363,0.246,Lap0,0.236784,0.603771,173.976,0.004607,999
314,14673,10691,frame_000314.jpg,0.995,0.354,0.321,Lap0,0.209247,0.603936,175.369,0.004219,999
315,14727,10745,frame_000315.jpg,0.995,0.354,0.322,Lap0,0.182831,0.602590,177.331,0.004593,999
316,14782,10800,frame_000316.jpg,0.995,0.106,0.307,Lap0,0.159220,0.600462,179.510,0.004373,999
317,14836,10855,frame_000317.jpg,0.995,0.032,0.230,Lap0,0.144268,0.598357,-178.577,0.004329,999
318,14891,10909,frame_000318.jpg,0.995,0.032,0.230,Lap0,0.135671,0.597145,-177.350,0.004421,999
319,14945,10964,frame_000319.jpg,0.995,0.370,-0.177,Lap0,0.132607,0.596850,-176.531,0.004464,999
320,15000,11018,frame_000320.jpg,0.995,0.435,-0.351,Lap0,0.114370,0.596748,-176.641,0.004684,999
321,15055,11073,frame_000321.jpg,0.995,0.436,-0.352,Lap0,0.089212,0.598590,-177.976,0.004806,999
322,15109,11127,frame_000322.jpg,0.995,0.478,-0.371,Lap0,0.059597,0.601486,179.971,0.005071,999
323,15164,11182,frame_000323.jpg,0.994,0.388,0.017,Lap0,0.027241,0.605296,177.653,0.004666,999
324,15218,11236,frame_000324.jpg,0.994,0.388,0.017,Lap0,-0.004337,0.606836,176.420,0.005110,999
325,15273,11291,frame_000325.jpg,0.994,0.540,0.157,Lap0,-0.036391,0.607935,176.212,0.004325,999
326,15327,11346,frame_000326.jpg,0.994,0.408,0.238,Lap0,-0.072286,0.608251,176.942,0.005027,999
327,15382,11400,frame_000327.jpg,0.994,0.407,0.239,Lap0,-0.106356,0.607134,178.417,0.004735,999
328,15436,11454,frame_000328.jpg,0.994,0.536,0.237,Lap0,-0.138942,0.605134,-179.753,0.005249,999
329,15491,11509,frame_000329.jpg,0.994,0.432,0.199,Lap0,-0.175008,0.601954,-177.856,0.004555,999
330,15546,11564,frame_000330.jpg,0.994,0.406,0.189,Lap0,-0.209919,0.597911,-176.021,0.005047,999
331,15600,11618,frame_000331.jpg,0.994,0.471,-0.207,Lap0,-0.242585,0.594827,-174.803,0.004790,999
332,15655,11673,frame_000332.jpg,0.994,0.471,-0.207,Lap0,-0.276445,0.593954,-175.294,0.005377,999
333,15709,11727,frame_000333.jpg,0.994,0.386,-0.350,Lap0,-0.309875,0.594482,-176.772,0.004711,999
334,15764,11782,frame_000334.jpg,0.994,0.468,-0.364,Lap0,-0.340003,0.596979,-179.075,0.004420,999
335,15818,11836,frame_000335.jpg,0.994,0.468,-0.364,Lap0,-0.370843,0.600843,178.308,0.004464,999
336,15873,11891,frame_000336.jpg,0.994,0.513,-0.336,Lap0,-0.404272,0.606148,175.590,0.005156,999
337,15927,11945,frame_000337.jpg,0.994,0.578,0.049,Lap0,-0.439901,0.612422,173.040,0.005026,999
338,15982,12000,frame_000338.jpg,0.994,0.578,0.166,Lap0,-0.479259,0.617160,171.892,0.004877,999
339,16036,12055,frame_000339.jpg,0.994,0.578,0.195,Lap0,-0.520039,0.620976,172.089,0.005541,999
340,16091,12109,frame_000340.jpg,0.994,0.597,0.210,Lap0,-0.562176,0.624095,173.252,0.004861,999
341,16146,12164,frame_000341.jpg,0.994,0.591,0.231,Lap0,-0.604774,0.625900,174.874,0.004854,999
342,16200,12218,frame_000342.jpg,0.994,0.591,0.232,Lap0,-0.648377,0.626375,176.782,0.005202,999
343,16254,12273,frame_000343.jpg,0.994,0.632,0.174,Lap0,-0.691738,0.625462,178.826,0.004453,999
344,16309,12327,frame_000344.jpg,0.994,0.632,0.174,Lap0,-0.736866,0.623544,-179.290,0.005185,999
345,16364,12382,frame_000345.jpg,0.994,0.702,0.070,Lap0,-0.783317,0.620874,-177.808,0.005137,999
346,16418,12436,frame_000346.jpg,0.994,0.456,-0.012,Lap0,-0.833543,0.617794,-176.847,0.005384,999
347,16473,12491,frame_000347.jpg,0.994,0.456,-0.012,Lap0,-0.877620,0.615226,-176.360,0.004394,999
348,16527,12545,frame_000348.jpg,0.993,0.382,-0.052,Lap0,-0.915146,0.613004,-176.199,0.005025,999
349,16582,12600,frame_000349.jpg,0.993,0.364,-0.338,Lap0,-0.948203,0.611400,-176.360,0.004638,999
350,16636,12655,frame_000350.jpg,0.993,0.359,-0.410,Lap0,-0.977356,0.613061,-177.608,0.004573,999
351,16691,12709,frame_000351.jpg,0.993,0.108,-0.507,Lap0,-1.002817,0.616538,179.891,0.004570,999
352,16746,12764,frame_000352.jpg,0.993,0.108,-0.507,Lap0,-1.019221,0.620569,177.053,0.004473,999
353,16800,12818,frame_000353.jpg,0.993,0.032,-0.154,Lap0,-1.029826,0.622947,174.943,0.004510,999
354,16855,12873,frame_000354.jpg,0.993,0.032,-0.154,Lap0,-1.035955,0.624056,174.010,0.004652,999
355,16909,12927,frame_000355.jpg,0.993,0.504,-0.001,Lap0,-1.045324,0.625345,172.898,0.004823,999
356,16964,12982,frame_000356.jpg,0.993,0.612,0.093,Lap0,-1.068260,0.627899,173.513,0.004850,999
357,17018,13036,frame_000357.jpg,0.993,0.613,0.094,Lap0,-1.103571,0.630984,173.856,0.004639,999
358,17073,13091,frame_000358.jpg,0.993,0.658,0.104,Lap0,-1.145968,0.634305,174.448,0.005150,999
359,17127,13145,frame_000359.jpg,0.993,0.707,0.054,Lap0,-1.192464,0.637526,175.022,0.005859,999
360,17182,13200,frame_000360.jpg,0.993,0.707,0.054,Lap0,-1.242260,0.641019,175.534,0.004638,999
361,17236,13255,frame_000361.jpg,0.993,0.713,-0.020,Lap0,-1.292877,0.644774,175.908,0.005457,999
362,17291,13309,frame_000362.jpg,0.993,0.641,-0.153,Lap0,-1.344948,0.648712,175.904,0.004802,999
363,17346,13364,frame_000363.jpg,0.993,0.640,-0.154,Lap0,-1.395151,0.654445,175.199,0.005833,999
364,17400,13418,frame_000364.jpg,0.993,0.657,-0.135,Lap0,-1.443870,0.660695,174.122,0.004771,999
365,17455,13473,frame_000365.jpg,0.993,0.566,0.191,Lap0,-1.491295,0.666543,173.189,0.005420,999
366,17509,13527,frame_000366.jpg,0.993,0.566,0.192,Lap0,-1.536476,0.669446,173.607,0.005111,999
367,17564,13582,frame_000367.jpg,0.993,0.561,0.257,Lap0,-1.579069,0.670620,174.999,0.004447,999
368,17618,13636,frame_000368.jpg,0.993,0.543,0.303,Lap0,-1.620387,0.670077,177.075,0.005333,999
369,17673,13691,frame_000369.jpg,0.993,0.435,0.448,Lap0,-1.660909,0.667746,179.622,0.004776,999
370,17727,13745,frame_000370.jpg,0.993,0.408,0.484,Lap0,-1.697010,0.661854,-177.040,0.005160,999
371,17782,13800,frame_000371.jpg,0.993,0.558,0.279,Lap0,-1.728041,0.654452,-173.367,0.004551,999
372,17836,13855,frame_000372.jpg,0.993,0.441,0.475,Lap0,-1.762174,0.646645,-170.380,0.004492,999
373,17891,13909,frame_000373.jpg,0.993,0.412,0.524,Lap0,-1.793785,0.634590,-166.879,0.005327,999
374,17945,13964,frame_000374.jpg,0.992,0.369,0.524,Lap0,-1.822159,0.621814,-163.075,0.004770,999
375,18000,14018,frame_000375.jpg,0.992,0.369,0.524,Lap0,-1.846581,0.608230,-159.226,0.004912,999
376,18055,14073,frame_000376.jpg,0.992,0.356,0.524,Lap0,-1.868882,0.593788,-155.483,0.004531,999
377,18109,14127,frame_000377.jpg,0.992,0.117,0.524,Lap0,-1.889088,0.578647,-151.907,0.004471,999
378,18164,14182,frame_000378.jpg,0.992,0.107,0.524,Lap0,-1.903370,0.565757,-148.510,0.004386,999
379,18218,14236,frame_000379.jpg,0.992,0.032,0.524,Lap0,-1.911589,0.557165,-145.807,0.004362,999
380,18273,14291,frame_000380.jpg,0.992,0.032,0.524,Lap0,-1.916488,0.551472,-144.131,0.004489,999
381,18327,14345,frame_000381.jpg,0.992,0.010,0.510,Lap0,-1.916919,0.550286,-143.271,0.004645,999
382,18382,14400,frame_000382.jpg,0.992,0.248,0.430,Lap0,-1.921635,0.545585,-141.744,0.004836,999
383,18436,14455,frame_000383.jpg,0.992,0.248,0.430,Lap0,-1.927884,0.539925,-140.194,0.004897,999
384,18491,14509,frame_000384.jpg,0.992,0.319,0.388,Lap0,-1.938393,0.528246,-139.120,0.004904,999
385,18545,14564,frame_000385.jpg,0.992,0.341,0.524,Lap0,-1.951463,0.512844,-137.442,0.004765,999
386,18600,14618,frame_000386.jpg,0.992,0.341,0.524,Lap0,-1.964412,0.495063,-135.005,0.004576,999
387,18655,14673,frame_000387.jpg,0.992,0.102,0.392,Lap0,-1.975214,0.479178,-132.395,0.004386,999
388,18709,14727,frame_000388.jpg,0.992,0.031,0.524,Lap0,-1.981434,0.468742,-130.288,0.004503,999
389,18764,14782,frame_000389.jpg,0.992,0.009,0.524,Lap0,-1.983966,0.462962,-128.535,0.004498,999
390,18818,14837,frame_000390.jpg,0.992,0.009,0.524,Lap0,-1.985071,0.459875,-126.502,0.004584,999
391,18873,14891,frame_000391.jpg,0.992,0.248,0.524,Lap0,-1.988595,0.454714,-125.549,0.004706,999
392,18927,14946,frame_000392.jpg,0.992,0.319,0.524,Lap0,-1.993243,0.445205,-125.157,0.004686,999
393,18982,15000,frame_000393.jpg,0.992,0.319,0.524,Lap0,-1.999887,0.431258,-124.003,0.004668,999
394,19036,15054,frame_000394.jpg,0.992,0.341,0.524,Lap0,-2.007511,0.413047,-121.814,0.004832,999
395,19091,15109,frame_000395.jpg,0.992,0.112,0.524,Lap0,-2.015130,0.392447,-119.162,0.004646,999
396,19146,15164,frame_000396.jpg,0.992,0.102,0.524,Lap0,-2.019726,0.375873,-116.311,0.004516,999
397,19200,15218,frame_000397.jpg,0.992,0.031,0.524,Lap0,-2.021937,0.365368,-113.949,0.004504,999
398,19255,15273,frame_000398.jpg,0.992,0.013,0.524,Lap0,-2.022307,0.360756,-111.978,0.004234,999
399,19309,15327,frame_000399.jpg,0.992,0.009,0.524,Lap0,-2.024794,0.351367,-109.958,0.004077,999
400,19364,15382,frame_000400.jpg,0.992,0.248,0.524,Lap0,-2.025921,0.345167,-108.521,0.004051,999
401,19418,15436,frame_000401.jpg,0.992,0.316,0.524,Lap0,-2.026440,0.340094,-107.880,0.004064,999
402,19473,15491,frame_000402.jpg,0.992,0.319,0.524,Lap0,-2.028712,0.326535,-105.992,0.004084,999
403,19527,15545,frame_000403.jpg,0.992,0.341,0.524,Lap0,-2.030057,0.307296,-103.898,0.004104,999
404,19582,15600,frame_000404.jpg,0.992,0.104,0.524,Lap0,-2.030551,0.286137,-101.173,0.004445,999
405,19636,15654,frame_000405.jpg,0.992,0.102,0.524,Lap0,-2.029649,0.270738,-98.326,0.004784,999
406,19691,15709,frame_000406.jpg,0.992,0.031,0.524,Lap0,-2.028564,0.260467,-96.060,0.004692,999
407,19745,15764,frame_000407.jpg,0.992,0.013,0.524,Lap0,-2.027786,0.254579,-94.709,0.004706,999
408,19800,15818,frame_000408.jpg,0.992,0.009,0.524,Lap0,-2.027009,0.248705,-93.633,0.004866,999
409,19855,15873,frame_000409.jpg,0.992,0.248,0.524,Lap0,-2.026526,0.239583,-92.055,0.004955,999
410,19909,15927,frame_000410.jpg,0.992,0.248,0.524,Lap0,-2.025414,0.233240,-90.797,0.005004,999
411,19964,15982,frame_000411.jpg,0.992,0.319,0.524,Lap0,-2.022726,0.217307,-89.346,0.005013,999
412,20018,16036,frame_000412.jpg,0.992,0.341,0.524,Lap0,-2.018765,0.198075,-87.209,0.004845,999
413,20073,16091,frame_000413.jpg,0.992,0.104,0.388,Lap0,-2.013382,0.176879,-84.594,0.004638,999
414,20127,16145,frame_000414.jpg,0.992,0.102,0.387,Lap0,-2.008717,0.160449,-82.106,0.004453,999
415,20182,16200,frame_000415.jpg,0.992,0.031,0.300,Lap0,-2.005435,0.150105,-80.257,0.004443,999
416,20236,16254,frame_000416.jpg,0.992,0.009,0.288,Lap0,-2.003495,0.144162,-79.120,0.004574,999
417,20291,16309,frame_000417.jpg,0.992,0.009,0.288,Lap0,-2.002476,0.140601,-78.734,0.004782,999
418,20346,16364,frame_000418.jpg,0.992,0.248,0.330,Lap0,-2.002329,0.140482,-78.823,0.004934,999
419,20400,16418,frame_000419.jpg,0.992,0.319,0.408,Lap0,-1.998360,0.127928,-77.379,0.005056,999
420,20454,16473,frame_000420.jpg,0.992,0.319,0.408,Lap0,-1.992039,0.110906,-76.016,0.004927,999
421,20509,16527,frame_000421.jpg,0.992,0.341,0.245,Lap0,-1.984310,0.090585,-74.313,0.004724,999
422,20558,16576,frame_000422.jpg,0.992,0.104,0.420,Lap0,-1.977079,0.071366,-72.909,0.004583,999
423,20612,16630,frame_000423.jpg,0.992,0.102,0.421,Lap0,-1.991508,0.078965,-71.354,0.005038,999
424,20667,16685,frame_000424.jpg,0.992,0.031,0.411,Lap0,-1.998260,0.087925,-71.610,0.005869,999
425,20721,16739,frame_000425.jpg,0.992,0.009,0.489,Lap0,-2.001022,0.093289,-72.185,0.004746,999
426,20776,16794,frame_000426.jpg,0.992,0.009,0.490,Lap0,-2.003060,0.096386,-72.974,0.003757,999
427,20830,16848,frame_000427.jpg,0.992,0.248,0.524,Lap0,-2.004928,0.101069,-73.397,0.003299,999
428,20885,16903,frame_000428.jpg,0.992,0.319,0.524,Lap0,-2.002313,0.094300,-73.488,0.003237,999
429,20939,16958,frame_000429.jpg,0.992,0.319,0.524,Lap0,-1.995021,0.080086,-72.092,0.003289,999
430,20994,17012,frame_000430.jpg,0.992,0.341,0.524,Lap0,-1.985120,0.063132,-69.804,0.003369,999
431,21049,17067,frame_000431.jpg,0.992,0.112,0.524,Lap0,-1.995565,0.062038,-66.922,0.003781,999
432,21103,17121,frame_000432.jpg,0.992,0.102,0.524,Lap0,-2.009413,0.069280,-65.459,0.005253,999
433,21158,17176,frame_000433.jpg,0.992,0.031,0.524,Lap0,-2.010252,0.068795,-66.284,0.006217,999
434,21212,17230,frame_000434.jpg,0.992,0.009,0.524,Lap0,-2.009010,0.066583,-66.188,0.004894,999
435,21267,17285,frame_000435.jpg,0.992,0.009,0.524,Lap0,-2.007256,0.064047,-66.046,0.003906,999
436,21321,17339,frame_000436.jpg,0.992,0.248,0.524,Lap0,-2.006111,0.062207,-65.791,0.003513,999
437,21376,17394,frame_000437.jpg,0.992,0.316,0.524,Lap0,-2.003804,0.059076,-65.546,0.003463,999
438,21430,17448,frame_000438.jpg,0.992,0.319,0.524,Lap0,-1.994837,0.046375,-64.203,0.003505,999
439,21485,17503,frame_000439.jpg,0.992,0.341,0.524,Lap0,-2.005407,0.042187,-61.265,0.003610,999
440,21539,17558,frame_000440.jpg,0.992,0.102,0.524,Lap0,-2.009163,0.040376,-59.897,0.004765,999
441,21594,17612,frame_000441.jpg,0.992,0.102,0.524,Lap0,-2.005352,0.034822,-59.773,0.005869,999
442,21648,17667,frame_000442.jpg,0.992,0.031,0.524,Lap0,-2.004973,0.035239,-59.511,0.004516,999
443,21703,17721,frame_000443.jpg,0.992,0.009,0.524,Lap0,-2.006992,0.038241,-59.481,0.003848,999
444,21758,17776,frame_000444.jpg,0.992,0.009,0.524,Lap0,-2.007542,0.037859,-59.733,0.003593,999
445,21812,17830,frame_000445.jpg,0.992,0.248,0.524,Lap0,-2.010126,0.043049,-59.860,0.003576,999
446,21867,17885,frame_000446.jpg,0.991,0.251,0.524,Lap0,-2.005460,0.036262,-59.779,0.003620,999
447,21921,17940,frame_000447.jpg,0.991,0.234,0.524,Lap0,-1.997947,0.025907,-58.348,0.003682,999
448,21976,17994,frame_000448.jpg,0.991,0.234,0.524,Lap0,-2.015441,0.020936,-55.293,0.003822,999
449,22030,18048,frame_000449.jpg,0.991,0.315,0.524,Lap0,-2.018947,0.022855,-53.717,0.004960,999
450,22085,18103,frame_000450.jpg,0.991,0.340,0.524,Lap0,-2.009907,0.012854,-53.289,0.005933,999
451,22139,18158,frame_000451.jpg,0.991,0.340,0.524,Lap0,-1.995624,-0.001344,-52.338,0.005488,999
452,22194,18212,frame_000452.jpg,0.991,0.102,0.524,Lap0,-2.002960,-0.011142,-50.370,0.005057,999
453,22248,18267,frame_000453.jpg,0.991,0.031,0.524,Lap0,-2.018047,-0.010352,-49.003,0.005864,999
454,22303,18321,frame_000454.jpg,0.991,0.031,0.524,Lap0,-2.023847,-0.005490,-49.174,0.005363,999
455,22357,18376,frame_000455.jpg,0.991,0.009,0.524,Lap0,-2.023497,-0.006280,-49.206,0.004402,999
456,22412,18430,frame_000456.jpg,0.991,0.248,0.524,Lap0,-2.024209,-0.005026,-49.159,0.003689,999
457,22467,18485,frame_000457.jpg,0.991,0.248,0.524,Lap0,-2.017753,-0.010980,-48.841,0.003536,999
458,22521,18539,frame_000458.jpg,0.991,0.319,0.524,Lap0,-2.006462,-0.019665,-47.461,0.003546,999
459,22576,18594,frame_000459.jpg,0.991,0.341,0.524,Lap0,-1.991307,-0.030418,-45.296,0.003598,999
460,22630,18648,frame_000460.jpg,0.991,0.341,0.524,Lap0,-2.002052,-0.036467,-42.197,0.004027,999
461,22685,18703,frame_000461.jpg,0.991,0.102,0.524,Lap0,-2.016726,-0.036752,-40.259,0.005573,999
462,22739,18758,frame_000462.jpg,0.991,0.031,0.524,Lap0,-2.014084,-0.039430,-40.396,0.005778,999
463,22794,18812,frame_000463.jpg,0.991,0.031,0.524,Lap0,-2.007159,-0.044313,-40.284,0.004680,999
464,22849,18867,frame_000464.jpg,0.991,0.009,0.524,Lap0,-2.004072,-0.046399,-40.633,0.003653,999
465,22903,18921,frame_000465.jpg,0.991,0.248,0.524,Lap0,-2.000134,-0.048656,-40.203,0.003415,999
466,22958,18976,frame_000466.jpg,0.991,0.305,0.524,Lap0,-1.994530,-0.052217,-39.546,0.003411,999
467,23012,19030,frame_000467.jpg,0.991,0.319,0.524,Lap0,-2.008261,-0.061720,-36.947,0.003508,999
468,23067,19085,frame_000468.jpg,0.991,0.341,0.524,Lap0,-2.012539,-0.062151,-35.892,0.004381,999
469,23121,19139,frame_000469.jpg,0.991,0.341,0.524,Lap0,-2.000228,-0.069255,-35.514,0.005544,999
470,23176,19194,frame_000470.jpg,0.991,0.102,0.524,Lap0,-1.982226,-0.078097,-34.231,0.005489,999
471,23230,19248,frame_000471.jpg,0.991,0.034,0.524,Lap0,-1.984278,-0.095038,-32.002,0.005135,999
472,23285,19303,frame_000472.jpg,0.991,0.031,0.524,Lap0,-1.992397,-0.099660,-31.569,0.005177,999
473,23339,19357,frame_000473.jpg,0.991,0.009,0.524,Lap0,-1.987378,-0.102524,-31.372,0.004594,999
474,23394,19412,frame_000474.jpg,0.991,0.009,0.524,Lap0,-1.984138,-0.103342,-30.568,0.004373,999
475,23448,19467,frame_000475.jpg,0.991,0.248,0.524,Lap0,-1.976330,-0.106885,-29.356,0.004041,999
476,23503,19521,frame_000476.jpg,0.991,0.319,0.524,Lap0,-1.970100,-0.109492,-28.969,0.003931,999
477,23558,19576,frame_000477.jpg,0.991,0.340,0.524,Lap0,-1.954165,-0.114367,-27.384,0.003926,999
478,23612,19630,frame_000478.jpg,0.991,0.341,0.524,Lap0,-1.937420,-0.128373,-24.947,0.003977,999
479,23667,19685,frame_000479.jpg,0.991,0.102,0.524,Lap0,-1.938159,-0.151362,-22.790,0.004695,999
480,23721,19739,frame_000480.jpg,0.991,0.034,0.524,Lap0,-1.931830,-0.153121,-21.595,0.005268,999
481,23776,19794,frame_000481.jpg,0.991,0.031,0.524,Lap0,-1.923677,-0.155040,-20.814,0.005094,999
482,23830,19849,frame_000482.jpg,0.991,0.009,0.408,Lap0,-1.920454,-0.155259,-19.951,0.004243,999
483,23885,19903,frame_000483.jpg,0.991,0.009,0.408,Lap0,-1.916767,-0.156074,-19.354,0.003864,999
484,23940,19958,frame_000484.jpg,0.991,0.248,0.524,Lap0,-1.912339,-0.157358,-18.925,0.003793,999
485,23994,20012,frame_000485.jpg,0.991,0.319,0.524,Lap0,-1.900639,-0.158815,-17.822,0.003810,999
486,24049,20067,frame_000486.jpg,0.991,0.319,0.524,Lap0,-1.883476,-0.161382,-16.152,0.003848,999
487,24103,20121,frame_000487.jpg,0.991,0.341,0.524,Lap0,-1.863548,-0.162681,-13.695,0.003889,999
488,24158,20176,frame_000488.jpg,0.991,0.104,-0.308,Lap0,-1.841917,-0.163200,-10.824,0.003928,999
489,24212,20230,frame_000489.jpg,0.991,0.102,-0.315,Lap0,-1.827179,-0.168519,-10.581,0.003965,999
490,24267,20285,frame_000490.jpg,0.991,0.355,-0.394,Lap0,-1.814319,-0.172871,-11.552,0.003998,999
491,24321,20339,frame_000491.jpg,0.991,0.554,-0.009,Lap0,-1.795043,-0.179636,-13.126,0.004029,999
492,24376,20394,frame_000492.jpg,0.991,0.556,-0.006,Lap0,-1.765793,-0.186545,-13.917,0.004055,999
493,24430,20449,frame_000493.jpg,0.991,0.563,0.191,Lap0,-1.730390,-0.194667,-14.093,0.004315,999
494,24485,20503,frame_000494.jpg,0.991,0.585,0.217,Lap0,-1.691993,-0.201518,-13.194,0.004824,999
495,24539,20558,frame_000495.jpg,0.991,0.586,0.218,Lap0,-1.651208,-0.208043,-11.828,0.006040,999
496,24594,20612,frame_000496.jpg,0.991,0.582,0.244,Lap0,-1.607945,-0.214044,-10.203,0.004814,999
497,24649,20667,frame_000497.jpg,0.990,0.649,0.149,Lap0,-1.565273,-0.218187,-8.192,0.004997,999
498,24703,20721,frame_000498.jpg,0.990,0.649,0.149,Lap1,-1.520893,-0.222064,-6.449,0.004523,999
499,24758,20776,frame_000499.jpg,0.990,0.440,0.524,Lap1,-1.479461,-0.220883,-3.893,0.004507,999
500,24812,20830,frame_000500.jpg,0.990,0.378,0.524,Lap1,-1.445024,-0.216305,-0.047,0.005143,999
501,24867,20885,frame_000501.jpg,0.990,0.377,0.524,Lap1,-1.414870,-0.210041,4.012,0.004483,999
502,24921,20939,frame_000502.jpg,0.990,0.358,0.524,Lap1,-1.388514,-0.202248,7.993,0.004725,999
503,24976,20994,frame_000503.jpg,0.990,0.107,-0.285,Lap1,-1.364537,-0.195789,11.228,0.004575,999
504,25030,21048,frame_000504.jpg,0.990,0.107,-0.285,Lap1,-1.348719,-0.194475,11.372,0.004581,999
505,25085,21103,frame_000505.jpg,0.990,0.032,-0.524,Lap1,-1.338698,-0.194316,10.445,0.004427,999
506,25139,21158,frame_000506.jpg,0.990,0.010,-0.524,Lap1,-1.334070,-0.194912,8.996,0.004363,999
507,25194,21212,frame_000507.jpg,0.990,0.010,-0.524,Lap1,-1.331656,-0.195142,9.570,0.004430,999
508,25248,21267,frame_000508.jpg,0.990,0.248,-0.524,Lap1,-1.327981,-0.194655,9.476,0.004536,999
509,25303,21321,frame_000509.jpg,0.990,0.305,-0.524,Lap1,-1.316258,-0.194564,8.635,0.004597,999
510,25358,21376,frame_000510.jpg,0.990,0.319,-0.524,Lap1,-1.299806,-0.195271,6.869,0.004535,999
511,25412,21430,frame_000511.jpg,0.990,0.341,-0.524,Lap1,-1.280028,-0.196907,4.460,0.004385,999
512,25467,21485,frame_000512.jpg,0.990,0.341,-0.524,Lap1,-1.258500,-0.199680,1.658,0.004547,999
513,25521,21539,frame_000513.jpg,0.990,0.102,-0.524,Lap1,-1.237891,-0.203689,-1.397,0.004306,999
514,25576,21594,frame_000514.jpg,0.990,0.034,0.270,Lap1,-1.224732,-0.207436,-4.204,0.004245,999
515,25630,21648,frame_000515.jpg,0.990,0.031,0.303,Lap1,-1.217537,-0.206696,-4.710,0.004321,999
516,25685,21703,frame_000516.jpg,0.990,0.009,0.524,Lap1,-1.211118,-0.206169,-4.204,0.004473,999
517,25739,21757,frame_000517.jpg,0.990,0.200,0.524,Lap1,-1.202956,-0.205643,-3.338,0.004609,999
518,25794,21812,frame_000518.jpg,0.990,0.248,0.524,Lap1,-1.204038,-0.204402,-2.461,0.004667,999
519,25849,21867,frame_000519.jpg,0.990,0.319,0.524,Lap1,-1.192634,-0.203906,-1.850,0.004769,999
520,25903,21921,frame_000520.jpg,0.990,0.319,0.524,Lap1,-1.175959,-0.201231,-0.285,0.004770,999
521,25958,21976,frame_000521.jpg,0.990,0.341,0.524,Lap1,-1.156268,-0.197298,2.014,0.004874,999
522,26012,22030,frame_000522.jpg,0.990,0.102,0.524,Lap1,-1.135709,-0.192165,4.726,0.004754,999
523,26067,22085,frame_000523.jpg,0.990,0.102,0.524,Lap1,-1.121977,-0.187460,7.433,0.004490,999
524,26121,22139,frame_000524.jpg,0.990,0.031,-0.221,Lap1,-1.112448,-0.184098,9.514,0.004275,999
525,26176,22194,frame_000525.jpg,0.990,0.013,-0.463,Lap1,-1.109891,-0.184329,9.921,0.004166,999
526,26230,22248,frame_000526.jpg,0.990,0.009,-0.524,Lap1,-1.105451,-0.183702,9.905,0.004162,999
527,26285,22303,frame_000527.jpg,0.990,0.248,-0.524,Lap1,-1.105009,-0.183963,9.683,0.004128,999
528,26339,22357,frame_000528.jpg,0.990,0.318,-0.524,Lap1,-1.099219,-0.183918,9.403,0.004133,999
529,26394,22412,frame_000529.jpg,0.990,0.319,-0.524,Lap1,-1.083282,-0.184319,7.978,0.004147,999
530,26448,22467,frame_000530.jpg,0.990,0.341,-0.524,Lap1,-1.064007,-0.185795,5.656,0.004162,999
531,26503,22521,frame_000531.jpg,0.990,0.112,-0.524,Lap1,-1.042597,-0.188340,2.865,0.004513,999
532,26558,22576,frame_000532.jpg,0.990,0.102,-0.524,Lap1,-1.024562,-0.191786,-0.117,0.004830,999
533,26612,22630,frame_000533.jpg,0.990,0.031,-0.524,Lap1,-1.013492,-0.194699,-2.626,0.004675,999
534,26667,22685,frame_000534.jpg,0.990,0.031,-0.524,Lap1,-1.007102,-0.196825,-4.365,0.004678,999
535,26721,22739,frame_000535.jpg,0.990,0.009,0.240,Lap1,-1.002774,-0.197253,-5.387,0.004747,999
536,26776,22794,frame_000536.jpg,0.990,0.248,0.523,Lap1,-1.001965,-0.196975,-5.503,0.004826,999
537,26830,22848,frame_000537.jpg,0.990,0.248,0.524,Lap1,-1.000169,-0.197166,-5.398,0.005005,999
538,26885,22903,frame_000538.jpg,0.990,0.319,0.524,Lap1,-0.987186,-0.196632,-4.817,0.005253,999
539,26939,22957,frame_000539.jpg,0.990,0.340,0.524,Lap1,-0.969415,-0.194876,-3.177,0.005112,999
540,26994,23012,frame_000540.jpg,0.990,0.341,0.524,Lap1,-0.948672,-0.191976,-0.833,0.004856,999
541,27048,23066,frame_000541.jpg,0.990,0.102,0.524,Lap1,-0.927574,-0.187830,1.935,0.004663,999
542,27103,23121,frame_000542.jpg,0.990,0.031,0.524,Lap1,-0.913683,-0.183778,4.689,0.004516,999
543,27158,23176,frame_000543.jpg,0.990,0.031,0.524,Lap1,-0.906200,-0.180988,6.762,0.004551,999
544,27212,23230,frame_000544.jpg,0.990,0.009,-0.218,Lap1,-0.903068,-0.179904,7.427,0.004684,999
545,27267,23285,frame_000545.jpg,0.990,0.246,-0.502,Lap1,-0.903253,-0.179703,7.089,0.004772,999
546,27321,23339,frame_000546.jpg,0.990,0.248,-0.504,Lap1,-0.898368,-0.179215,7.433,0.005067,999
547,27376,23394,frame_000547.jpg,0.990,0.319,-0.524,Lap1,-0.884752,-0.179609,6.617,0.005126,999
548,27430,23448,frame_000548.jpg,0.990,0.341,-0.524,Lap1,-0.866531,-0.180879,4.804,0.004922,999
549,27485,23503,frame_000549.jpg,0.990,0.341,-0.524,Lap1,-0.845753,-0.183212,2.407,0.004710,999
550,27539,23558,frame_000550.jpg,0.990,0.102,-0.524,Lap1,-0.825059,-0.186767,-0.387,0.004526,999
551,27594,23612,frame_000551.jpg,0.990,0.032,0.284,Lap1,-0.811760,-0.190251,-3.064,0.004392,999
552,27648,23667,frame_000552.jpg,0.990,0.031,0.291,Lap1,-0.804379,-0.189631,-3.680,0.004446,999
553,27703,23721,frame_000553.jpg,0.990,0.009,0.524,Lap1,-0.796879,-0.188983,-3.322,0.004601,999
554,27758,23776,frame_000554.jpg,0.990,0.246,0.524,Lap1,-0.794449,-0.188186,-2.639,0.004577,999
555,27812,23830,frame_000555.jpg,0.990,0.248,0.524,Lap1,-0.791431,-0.188307,-2.200,0.004571,999
556,27867,23885,frame_000556.jpg,0.990,0.319,0.524,Lap1,-0.778230,-0.186664,-1.325,0.004669,999
557,27921,23939,frame_000557.jpg,0.990,0.340,0.524,Lap1,-0.760286,-0.183671,0.507,0.004855,999
558,27976,23994,frame_000558.jpg,0.990,0.341,0.524,Lap1,-0.739631,-0.179433,2.933,0.004642,999
559,28030,24048,frame_000559.jpg,0.990,0.102,0.524,Lap1,-0.718743,-0.173871,5.749,0.004676,999
560,28085,24103,frame_000560.jpg,0.990,0.031,-0.226,Lap1,-0.705214,-0.169688,8.306,0.004454,999
561,28139,24157,frame_000561.jpg,0.990,0.031,-0.226,Lap1,-0.697783,-0.169473,8.764,0.004243,999
562,28194,24212,frame_000562.jpg,0.990,0.009,-0.483,Lap1,-0.693969,-0.169627,8.406,0.004291,999
563,28248,24267,frame_000563.jpg,0.989,0.248,-0.524,Lap1,-0.693744,-0.169753,8.080,0.004410,999
564,28303,24321,frame_000564.jpg,0.989,0.305,-0.524,Lap1,-0.685680,-0.169482,8.035,0.004539,999
565,28357,24376,frame_000565.jpg,0.989,0.319,-0.524,Lap1,-0.670809,-0.170088,6.687,0.004540,999
566,28412,24430,frame_000566.jpg,0.989,0.341,-0.524,Lap1,-0.651600,-0.171667,4.482,0.004395,999
567,28467,24485,frame_000567.jpg,0.989,0.112,-0.524,Lap1,-0.630267,-0.174365,1.780,0.004560,999
568,28521,24539,frame_000568.jpg,0.989,0.102,-0.524,Lap1,-0.613041,-0.177973,-1.136,0.004279,999
569,28576,24594,frame_000569.jpg,0.989,0.031,-0.524,Lap1,-0.603301,-0.180830,-3.562,0.004251,999
570,28630,24648,frame_000570.jpg,0.989,0.009,0.296,Lap1,-0.598791,-0.182193,-5.290,0.004301,999
571,28685,24703,frame_000571.jpg,0.989,0.009,0.297,Lap1,-0.601213,-0.182254,-5.753,0.004211,999
572,28739,24758,frame_000572.jpg,0.989,0.248,0.524,Lap1,-0.597970,-0.182223,-6.142,0.004196,999
573,28794,24812,frame_000573.jpg,0.989,0.319,0.524,Lap1,-0.588905,-0.181672,-4.915,0.004201,999
574,28848,24866,frame_000574.jpg,0.989,0.319,0.524,Lap1,-0.572180,-0.179727,-3.332,0.004211,999
575,28903,24921,frame_000575.jpg,0.989,0.341,0.524,Lap1,-0.552384,-0.176592,-0.902,0.004220,999
576,28957,24976,frame_000576.jpg,0.989,0.102,0.524,Lap1,-0.532226,-0.172215,2.012,0.004386,999
577,29012,25030,frame_000577.jpg,0.989,0.102,0.524,Lap1,-0.518953,-0.168205,4.825,0.004883,999
578,29067,25085,frame_000578.jpg,0.989,0.031,-0.331,Lap1,-0.510378,-0.167149,6.291,0.004853,999
579,29121,25139,frame_000579.jpg,0.989,0.009,-0.515,Lap1,-0.504461,-0.167355,6.058,0.004796,999
580,29176,25194,frame_000580.jpg,0.989,0.200,-0.522,Lap1,-0.506450,-0.167937,5.539,0.004536,999
581,29230,25248,frame_000581.jpg,0.989,0.248,-0.524,Lap1,-0.506095,-0.167781,5.334,0.004411,999
582,29285,25303,frame_000582.jpg,0.989,0.318,-0.524,Lap1,-0.494214,-0.168576,4.674,0.004372,999
583,29339,25358,frame_000583.jpg,0.989,0.319,-0.524,Lap1,-0.477608,-0.170608,2.930,0.004378,999
584,29394,25412,frame_000584.jpg,0.989,0.341,-0.524,Lap1,-0.457996,-0.173735,0.458,0.004679,999
585,29448,25466,frame_000585.jpg,0.989,0.150,0.122,Lap1,-0.436562,-0.178117,-2.429,0.004644,999
586,29503,25521,frame_000586.jpg,0.989,0.102,0.284,Lap1,-0.419079,-0.177817,-3.509,0.004399,999
587,29558,25576,frame_000587.jpg,0.989,0.031,0.524,Lap1,-0.408384,-0.176548,-2.823,0.004251,999
588,29612,25630,frame_000588.jpg,0.989,0.009,0.524,Lap1,-0.404990,-0.175184,-2.007,0.004251,999
589,29667,25685,frame_000589.jpg,0.989,0.009,0.524,Lap1,-0.404820,-0.175249,-2.075,0.004162,999
590,29721,25739,frame_000590.jpg,0.989,0.248,0.524,Lap1,-0.404802,-0.175575,-2.334,0.004151,999
591,29776,25794,frame_000591.jpg,0.989,0.305,0.524,Lap1,-0.400000,-0.174823,-2.113,0.004160,999
592,29830,25848,frame_000592.jpg,0.989,0.319,0.524,Lap1,-0.389691,-0.173426,-1.607,0.004174,999
593,29885,25903,frame_000593.jpg,0.989,0.341,0.524,Lap1,-0.372640,-0.170485,0.461,0.004188,999
594,29939,25957,frame_000594.jpg,0.989,0.341,0.524,Lap1,-0.352412,-0.165880,3.027,0.004200,999
595,29994,26012,frame_000595.jpg,0.989,0.102,0.524,Lap1,-0.332219,-0.160030,6.044,0.004456,999
596,30048,26066,frame_000596.jpg,0.989,0.032,-0.188,Lap1,-0.319318,-0.156016,8.681,0.004550,999
597,30103,26121,frame_000597.jpg,0.989,0.031,-0.194,Lap1,-0.311772,-0.155466,9.256,0.004470,999
598,30157,26176,frame_000598.jpg,0.989,0.243,-0.415,Lap1,-0.304515,-0.155083,9.005,0.004497,999
599,30212,26230,frame_000599.jpg,0.989,0.283,-0.446,Lap1,-0.291281,-0.155062,8.055,0.004592,999
600,30267,26285,frame_000600.jpg,0.989,0.283,-0.446,Lap1,-0.274377,-0.155623,6.462,0.004605,999
601,30321,26339,frame_000601.jpg,0.989,0.274,-0.423,Lap1,-0.255821,-0.156827,4.469,0.004561,999
602,30376,26394,frame_000602.jpg,0.989,0.084,-0.470,Lap1,-0.236629,-0.158633,2.305,0.004733,999
603,30430,26448,frame_000603.jpg,0.989,0.082,-0.470,Lap1,-0.223054,-0.161165,0.068,0.004631,999
604,30485,26503,frame_000604.jpg,0.989,0.270,-0.458,Lap1,-0.211805,-0.163285,-1.739,0.004627,999
605,30539,26558,frame_000605.jpg,0.989,0.326,0.336,Lap1,-0.195583,-0.164501,-2.992,0.004697,999
606,30594,26612,frame_000606.jpg,0.989,0.326,0.336,Lap1,-0.175459,-0.163273,-2.371,0.004610,999
607,30648,26667,frame_000607.jpg,0.989,0.343,0.524,Lap1,-0.153580,-0.160569,-0.646,0.004437,999
608,30703,26721,frame_000608.jpg,0.989,0.105,0.524,Lap1,-0.131448,-0.156358,1.965,0.004848,999
609,30758,26776,frame_000609.jpg,0.989,0.103,0.524,Lap1,-0.115712,-0.151966,4.741,0.004346,999
610,30812,26830,frame_000610.jpg,0.989,0.031,-0.130,Lap1,-0.106339,-0.150726,6.238,0.004054,999
611,30867,26885,frame_000611.jpg,0.989,0.287,-0.330,Lap1,-0.103786,-0.150641,6.450,0.003906,999
612,30921,26939,frame_000612.jpg,0.989,0.287,-0.330,Lap1,-0.090850,-0.150397,6.321,0.003893,999
613,30976,26994,frame_000613.jpg,0.989,0.336,-0.361,Lap1,-0.076935,-0.151104,4.408,0.003918,999
614,31030,27048,frame_000614.jpg,0.989,0.103,-0.456,Lap1,-0.056199,-0.152296,2.716,0.004049,999
615,31085,27103,frame_000615.jpg,0.989,0.101,-0.457,Lap1,-0.039746,-0.155029,0.486,0.004339,999
616,31139,27158,frame_000616.jpg,0.989,0.358,-0.431,Lap1,-0.026581,-0.157354,-1.545,0.004361,999
617,31194,27212,frame_000617.jpg,0.989,0.352,0.333,Lap1,-0.006940,-0.158951,-3.062,0.004768,999
618,31248,27266,frame_000618.jpg,0.989,0.352,0.333,Lap1,0.016013,-0.157570,-2.453,0.004676,999
619,31303,27321,frame_000619.jpg,0.989,0.351,0.524,Lap1,0.039887,-0.154708,-0.636,0.004491,999
620,31358,27376,frame_000620.jpg,0.989,0.350,-0.300,Lap1,0.063498,-0.150327,2.134,0.004984,999
621,31412,27430,frame_000621.jpg,0.989,0.350,-0.301,Lap1,0.087836,-0.151469,2.786,0.004641,999
622,31467,27485,frame_000622.jpg,0.989,0.105,-0.421,Lap1,0.109343,-0.153609,1.601,0.004723,999
623,31521,27539,frame_000623.jpg,0.989,0.032,-0.468,Lap1,0.122024,-0.155936,-0.248,0.004288,999
624,31576,27594,frame_000624.jpg,0.989,0.032,-0.468,Lap1,0.128641,-0.157647,-1.793,0.004207,999
625,31630,27648,frame_000625.jpg,0.989,0.009,-0.524,Lap1,0.129607,-0.158277,-2.814,0.004304,999
626,31685,27703,frame_000626.jpg,0.988,0.204,-0.524,Lap1,0.127748,-0.157788,-3.101,0.004482,999
627,31739,27757,frame_000627.jpg,0.988,0.241,-0.524,Lap1,0.134961,-0.159144,-3.988,0.004656,999
628,31794,27812,frame_000628.jpg,0.988,0.243,-0.524,Lap1,0.146408,-0.161838,-5.028,0.004695,999
629,31848,27867,frame_000629.jpg,0.988,0.318,0.332,Lap1,0.161286,-0.164818,-6.503,0.004606,999
630,31903,27921,frame_000630.jpg,0.988,0.318,0.332,Lap1,0.179960,-0.164686,-6.105,0.004473,999
631,31958,27976,frame_000631.jpg,0.988,0.340,0.524,Lap1,0.200833,-0.162987,-4.353,0.004362,999
632,32012,28030,frame_000632.jpg,0.988,0.347,0.524,Lap1,0.222625,-0.159943,-1.720,0.004298,999
633,32067,28085,frame_000633.jpg,0.988,0.347,0.524,Lap1,0.245048,-0.155671,1.263,0.004509,999
634,32121,28139,frame_000634.jpg,0.988,0.104,0.524,Lap1,0.267624,-0.150204,4.420,0.004779,999
635,32176,28194,frame_000635.jpg,0.988,0.467,0.321,Lap1,0.282990,-0.144945,7.474,0.004674,999
636,32230,28248,frame_000636.jpg,0.988,0.482,0.313,Lap1,0.304614,-0.139569,9.662,0.004436,999
637,32285,28303,frame_000637.jpg,0.988,0.550,0.194,Lap1,0.333923,-0.131598,11.716,0.005150,999
638,32339,28358,frame_000638.jpg,0.988,0.530,0.149,Lap1,0.369003,-0.123699,13.510,0.004949,999
639,32394,28412,frame_000639.jpg,0.988,0.530,0.149,Lap1,0.395986,-0.150297,13.830,0.006135,999
640,32448,28467,frame_000640.jpg,0.988,0.487,0.126,Lap1,0.427716,-0.149641,12.131,0.006128,999
641,32503,28521,frame_000641.jpg,0.988,0.442,0.111,Lap1,0.460890,-0.142134,11.041,0.005101,999
642,32557,28576,frame_000642.jpg,0.988,0.442,0.111,Lap1,0.492663,-0.134589,11.158,0.003881,999
643,32612,28630,frame_000643.jpg,0.988,0.398,0.099,Lap1,0.523378,-0.127163,11.788,0.003588,999
644,32667,28685,frame_000644.jpg,0.988,0.359,0.089,Lap1,0.549347,-0.139283,12.509,0.003753,999
645,32721,28739,frame_000645.jpg,0.988,0.323,0.080,Lap1,0.567083,-0.145444,13.023,0.005048,999
646,32776,28794,frame_000646.jpg,0.988,0.323,0.080,Lap1,0.587806,-0.140248,13.313,0.005971,999
647,32830,28848,frame_000647.jpg,0.988,0.291,0.072,Lap1,0.610876,-0.134194,13.502,0.004923,999
648,32885,28903,frame_000648.jpg,0.988,0.263,0.065,Lap1,0.632851,-0.128258,13.778,0.004574,999
649,32939,28957,frame_000649.jpg,0.988,0.262,0.065,Lap1,0.653484,-0.137031,14.129,0.004252,999
650,32994,29012,frame_000650.jpg,0.988,0.235,0.058,Lap1,0.664934,-0.150779,14.161,0.005031,999
651,33048,29067,frame_000651.jpg,0.988,0.235,0.058,Lap1,0.678785,-0.147167,14.120,0.005456,999
652,33103,29121,frame_000652.jpg,0.988,0.212,0.053,Lap1,0.694687,-0.142889,14.102,0.005052,999
653,33158,29176,frame_000653.jpg,0.988,0.191,0.047,Lap1,0.710295,-0.138589,14.234,0.004045,999
654,33212,29230,frame_000654.jpg,0.988,0.191,0.047,Lap1,0.724992,-0.134509,14.451,0.003870,999
655,33267,29285,frame_000655.jpg,0.988,0.172,0.043,Lap1,0.739014,-0.130576,14.667,0.003782,999
656,33321,29339,frame_000656.jpg,0.988,0.172,0.043,Lap1,0.752738,-0.129379,14.869,0.003800,999
657,33376,29394,frame_000657.jpg,0.988,0.296,-0.408,Lap1,0.767388,-0.149989,15.155,0.003915,999
658,33430,29448,frame_000658.jpg,0.988,0.334,-0.524,Lap1,0.778199,-0.148533,14.443,0.004942,999
659,33485,29503,frame_000659.jpg,0.988,0.320,-0.524,Lap1,0.797523,-0.146841,12.424,0.005290,999
660,33539,29557,frame_000660.jpg,0.988,0.319,-0.524,Lap1,0.819518,-0.146124,9.799,0.005227,999
661,33594,29612,frame_000661.jpg,0.988,0.293,-0.503,Lap1,0.841454,-0.146735,6.917,0.004373,999
662,33648,29667,frame_000662.jpg,0.988,0.265,-0.458,Lap1,0.862183,-0.148508,4.011,0.004141,999
663,33703,29721,frame_000663.jpg,0.988,0.265,-0.458,Lap1,0.881688,-0.150965,1.271,0.004253,999
664,33758,29776,frame_000664.jpg,0.987,0.514,-0.002,Lap1,0.902338,-0.152657,-0.975,0.004354,999
665,33812,29830,frame_000665.jpg,0.987,0.404,-0.247,Lap1,0.932694,-0.153553,-1.825,0.004693,999
666,33867,29885,frame_000666.jpg,0.987,0.399,-0.257,Lap1,0.964853,-0.157238,-3.040,0.005438,999
667,33921,29939,frame_000667.jpg,0.987,0.365,-0.264,Lap1,0.995583,-0.161651,-4.603,0.004810,999
668,33976,29994,frame_000668.jpg,0.987,0.365,-0.264,Lap1,1.023860,-0.166859,-6.342,0.004742,999
669,34030,30048,frame_000669.jpg,0.987,0.504,-0.274,Lap1,1.052364,-0.173125,-8.208,0.004517,999
670,34085,30103,frame_000670.jpg,0.987,0.652,-0.051,Lap1,1.085024,-0.181052,-10.202,0.004561,999
671,34139,30157,frame_000671.jpg,0.987,0.653,-0.049,Lap1,1.124710,-0.189324,-11.559,0.005394,999
672,34194,30212,frame_000672.jpg,0.987,0.702,0.013,Lap1,1.169698,-0.199189,-12.294,0.004670,999
673,34248,30266,frame_000673.jpg,0.987,0.712,-0.029,Lap1,1.218178,-0.209743,-12.516,0.005428,999
674,34303,30321,frame_000674.jpg,0.987,0.712,-0.031,Lap1,1.268002,-0.221158,-12.718,0.004787,999
675,34357,30375,frame_000675.jpg,0.987,0.709,-0.054,Lap1,1.318469,-0.233029,-12.976,0.005263,999
676,34412,30430,frame_000676.jpg,0.987,0.709,-0.054,Lap1,1.369177,-0.245503,-13.277,0.004507,999
677,34466,30485,frame_000677.jpg,0.987,0.458,0.524,Lap1,1.417206,-0.255520,-13.178,0.005361,999
678,34521,30539,frame_000678.jpg,0.987,0.382,0.524,Lap1,1.455799,-0.258443,-11.155,0.004447,999
679,34576,30594,frame_000679.jpg,0.987,0.364,0.524,Lap1,1.486899,-0.257680,-7.597,0.004809,999
680,34630,30648,frame_000680.jpg,0.987,0.360,0.524,Lap1,1.514127,-0.255272,-3.784,0.004792,999
681,34685,30703,frame_000681.jpg,0.987,0.108,0.524,Lap1,1.539036,-0.251400,-0.066,0.004793,999
682,34739,30757,frame_000682.jpg,0.987,0.047,0.524,Lap1,1.555557,-0.247141,3.313,0.004678,999
683,34794,30812,frame_000683.jpg,0.987,0.032,0.524,Lap1,1.565133,-0.243951,5.833,0.004452,999
684,34848,30866,frame_000684.jpg,0.987,0.010,0.524,Lap1,1.569898,-0.241936,7.579,0.004413,999
685,34903,30921,frame_000685.jpg,0.987,0.010,0.524,Lap1,1.573250,-0.240585,8.955,0.004289,999
686,34958,30976,frame_000686.jpg,0.987,0.248,0.524,Lap1,1.578373,-0.239626,9.599,0.004260,999
687,35012,31030,frame_000687.jpg,0.987,0.319,0.524,Lap1,1.590751,-0.235351,10.354,0.004257,999
688,35066,31085,frame_000688.jpg,0.987,0.319,0.524,Lap1,1.606784,-0.229405,12.069,0.004261,999
689,35121,31139,frame_000689.jpg,0.987,0.341,0.524,Lap1,1.625287,-0.221081,14.565,0.004439,999
690,35176,31194,frame_000690.jpg,0.987,0.102,0.524,Lap1,1.644143,-0.211410,17.503,0.004882,999
691,35230,31248,frame_000691.jpg,0.987,0.313,0.524,Lap1,1.656191,-0.203939,20.290,0.004793,999
692,35285,31303,frame_000692.jpg,0.987,0.322,0.524,Lap1,1.669760,-0.195673,22.578,0.004692,999
693,35339,31357,frame_000693.jpg,0.987,0.447,0.437,Lap1,1.686999,-0.184552,24.923,0.004648,999
694,35394,31412,frame_000694.jpg,0.987,0.556,0.283,Lap1,1.709066,-0.169616,27.462,0.004479,999
695,35448,31467,frame_000695.jpg,0.987,0.583,0.244,Lap1,1.737452,-0.151278,29.803,0.005155,999
696,35503,31521,frame_000696.jpg,0.986,0.563,0.278,Lap1,1.769832,-0.128939,31.989,0.005656,999
697,35558,31576,frame_000697.jpg,0.986,0.625,0.186,Lap1,1.801180,-0.118512,34.058,0.005179,999
698,35612,31630,frame_000698.jpg,0.986,0.641,0.163,Lap1,1.821558,-0.136356,34.764,0.006690,999
699,35667,31685,frame_000699.jpg,0.986,0.579,-0.156,Lap1,1.851575,-0.125444,32.766,0.006174,999
700,35721,31739,frame_000700.jpg,0.986,0.579,-0.157,Lap1,1.880023,-0.126923,30.813,0.004822,999
701,35776,31794,frame_000701.jpg,0.986,0.419,0.457,Lap1,1.898769,-0.142094,29.636,0.005921,999
702,35830,31848,frame_000702.jpg,0.986,0.371,0.523,Lap1,1.918578,-0.132938,27.739,0.005910,999
703,35885,31903,frame_000703.jpg,0.986,0.371,0.524,Lap1,1.940115,-0.119244,27.283,0.004608,999
704,35939,31958,frame_000704.jpg,0.986,0.356,0.524,Lap1,1.964928,-0.117319,29.109,0.004374,999
705,35994,32012,frame_000705.jpg,0.986,0.107,0.524,Lap1,1.988353,-0.125924,30.488,0.004715,999
706,36048,32067,frame_000706.jpg,0.986,0.107,0.524,Lap1,1.996049,-0.118883,31.649,0.005013,999
707,36103,32121,frame_000707.jpg,0.986,0.032,0.524,Lap1,2.001520,-0.113475,32.961,0.004655,999
708,36158,32176,frame_000708.jpg,0.986,0.010,0.524,Lap1,2.005399,-0.109416,33.728,0.004184,999
709,36212,32230,frame_000709.jpg,0.986,0.010,0.524,Lap1,2.010800,-0.104747,33.854,0.003963,999
710,36267,32285,frame_000710.jpg,0.986,0.248,0.524,Lap1,2.010625,-0.104032,34.274,0.003890,999
711,36321,32339,frame_000711.jpg,0.986,0.251,0.524,Lap1,2.015404,-0.099640,34.650,0.003899,999
712,36376,32394,frame_000712.jpg,0.986,0.251,0.524,Lap1,2.025130,-0.089557,36.057,0.003930,999
713,36430,32448,frame_000713.jpg,0.986,0.234,0.524,Lap1,2.035330,-0.077935,38.092,0.003964,999
714,36485,32503,frame_000714.jpg,0.986,0.315,0.524,Lap1,2.045360,-0.065605,40.375,0.003996,999
715,36539,32557,frame_000715.jpg,0.986,0.315,0.524,Lap1,2.056576,-0.050860,42.844,0.004026,999
716,36594,32612,frame_000716.jpg,0.986,0.340,0.524,Lap1,2.068239,-0.033881,45.633,0.004053,999
717,36648,32666,frame_000717.jpg,0.986,0.102,0.524,Lap1,2.079165,-0.015802,48.670,0.004077,999
718,36703,32721,frame_000718.jpg,0.986,0.102,0.524,Lap1,2.085558,-0.002804,51.608,0.004101,999
719,36757,32776,frame_000719.jpg,0.986,0.031,0.524,Lap1,2.089437,0.006071,53.838,0.004122,999
720,36812,32830,frame_000720.jpg,0.986,0.009,0.524,Lap1,2.091281,0.009886,55.436,0.004143,999
721,36867,32885,frame_000721.jpg,0.986,0.009,0.524,Lap1,2.091714,0.011678,56.275,0.004162,999
722,36921,32939,frame_000722.jpg,0.986,0.248,0.524,Lap1,2.091776,0.012742,56.784,0.004180,999
723,36976,32994,frame_000723.jpg,0.986,0.319,0.524,Lap1,2.096993,0.023189,57.473,0.004194,999
724,37030,33048,frame_000724.jpg,0.986,0.319,0.524,Lap1,2.102862,0.038609,59.186,0.004207,999
725,37085,33103,frame_000725.jpg,0.986,0.341,0.524,Lap1,2.109100,0.057304,61.621,0.004218,999
726,37139,33158,frame_000726.jpg,0.986,0.150,0.524,Lap1,2.114978,0.078171,64.513,0.004247,999
727,37194,33212,frame_000727.jpg,0.986,0.102,0.524,Lap1,2.118764,0.096625,67.621,0.004563,999
728,37248,33266,frame_000728.jpg,0.986,0.032,0.524,Lap1,2.120372,0.108401,70.252,0.004580,999
729,37303,33321,frame_000729.jpg,0.986,0.031,0.524,Lap1,2.120741,0.114884,72.185,0.004503,999
730,37357,33376,frame_000730.jpg,0.986,0.009,0.524,Lap1,2.120510,0.117915,74.320,0.004414,999
731,37412,33430,frame_000731.jpg,0.986,0.248,0.524,Lap1,2.122065,0.124128,75.325,0.004397,999
732,37466,33485,frame_000732.jpg,0.986,0.248,0.524,Lap1,2.122120,0.127611,76.086,0.004349,999
733,37521,33539,frame_000733.jpg,0.986,0.319,0.524,Lap1,2.122685,0.141968,77.408,0.004335,999
734,37576,33594,frame_000734.jpg,0.986,0.341,0.524,Lap1,2.122864,0.160483,79.572,0.004331,999
735,37630,33648,frame_000735.jpg,0.986,0.341,0.524,Lap1,2.122216,0.181585,82.304,0.004651,999
736,37685,33703,frame_000736.jpg,0.986,0.102,0.524,Lap1,2.120364,0.199038,85.242,0.004907,999
737,37739,33758,frame_000737.jpg,0.986,0.031,0.524,Lap1,2.118506,0.210495,87.700,0.004825,999
738,37794,33812,frame_000738.jpg,0.986,0.013,0.524,Lap1,2.117020,0.217349,89.465,0.004810,999
739,37848,33866,frame_000739.jpg,0.986,0.009,0.524,Lap1,2.116230,0.221867,90.749,0.004903,999
740,37903,33921,frame_000740.jpg,0.986,0.248,0.524,Lap1,2.115419,0.226146,91.681,0.004881,999
741,37957,33976,frame_000741.jpg,0.986,0.316,0.524,Lap1,2.115209,0.228983,92.292,0.004814,999
742,38012,34030,frame_000742.jpg,0.986,0.319,0.524,Lap1,2.111872,0.243343,93.315,0.004849,999
743,38066,34085,frame_000743.jpg,0.986,0.341,0.524,Lap1,2.107004,0.261741,95.296,0.004769,999
744,38121,34139,frame_000744.jpg,0.986,0.102,0.524,Lap1,2.100648,0.281949,97.869,0.004638,999
745,38176,34194,frame_000745.jpg,0.986,0.102,0.524,Lap1,2.094836,0.296095,100.626,0.004744,999
746,38230,34248,frame_000746.jpg,0.986,0.235,0.524,Lap1,2.089906,0.307582,102.871,0.004757,999
747,38285,34303,frame_000747.jpg,0.986,0.254,0.524,Lap1,2.083774,0.321083,104.923,0.004760,999
748,38339,34357,frame_000748.jpg,0.986,0.254,0.524,Lap1,2.076465,0.335765,107.104,0.004706,999
749,38394,34412,frame_000749.jpg,0.986,0.242,0.486,Lap1,2.068269,0.350816,109.414,0.004612,999
750,38448,34466,frame_000750.jpg,0.985,0.073,0.523,Lap1,2.059736,0.365014,111.717,0.004519,999
751,38503,34521,frame_000751.jpg,0.985,0.072,0.524,Lap1,2.053149,0.374099,113.904,0.004458,999
752,38557,34576,frame_000752.jpg,0.985,0.022,0.524,Lap1,2.048569,0.380041,115.591,0.004526,999
753,38612,34630,frame_000753.jpg,0.985,0.205,0.524,Lap1,2.047431,0.381442,116.277,0.004687,999
754,38667,34685,frame_000754.jpg,0.985,0.251,0.524,Lap1,2.044338,0.386538,116.265,0.004891,999
755,38721,34739,frame_000755.jpg,0.985,0.320,0.524,Lap1,2.036687,0.396780,117.479,0.004925,999
756,38776,34794,frame_000756.jpg,0.985,0.337,0.524,Lap1,2.025507,0.411030,119.344,0.004787,999
757,38830,34848,frame_000757.jpg,0.985,0.341,0.524,Lap1,2.011905,0.426905,121.760,0.004598,999
758,38885,34903,frame_000758.jpg,0.985,0.279,0.524,Lap1,1.996582,0.443108,124.555,0.004642,999
759,38939,34958,frame_000759.jpg,0.985,0.279,0.524,Lap1,1.981060,0.457791,127.516,0.004542,999
760,38994,35012,frame_000760.jpg,0.985,0.084,0.524,Lap1,1.966421,0.469977,130.411,0.004316,999
761,39048,35067,frame_000761.jpg,0.985,0.027,0.524,Lap1,1.956485,0.476909,132.965,0.004551,999
762,39103,35121,frame_000762.jpg,0.985,0.025,0.524,Lap1,1.951044,0.480119,134.872,0.004538,999
763,39157,35176,frame_000763.jpg,0.985,0.008,0.524,Lap1,1.949792,0.480516,136.082,0.004622,999
764,39212,35230,frame_000764.jpg,0.985,0.245,0.524,Lap1,1.945664,0.484508,136.590,0.004896,999
765,39266,35285,frame_000765.jpg,0.985,0.247,0.524,Lap1,1.941889,0.487168,137.030,0.005159,999
766,39321,35339,frame_000766.jpg,0.985,0.319,0.524,Lap1,1.929882,0.494901,138.157,0.005163,999
767,39376,35394,frame_000767.jpg,0.985,0.341,0.524,Lap1,1.913802,0.504618,140.080,0.004974,999
768,39430,35448,frame_000768.jpg,0.985,0.150,0.524,Lap1,1.894916,0.514908,142.581,0.004766,999
769,39485,35503,frame_000769.jpg,0.985,0.102,0.524,Lap1,1.879377,0.521780,145.333,0.004575,999
770,39539,35557,frame_000770.jpg,0.985,0.032,0.524,Lap1,1.868877,0.525740,147.671,0.004539,999
771,39594,35612,frame_000771.jpg,0.985,0.031,0.524,Lap1,1.862522,0.527793,149.386,0.004637,999
772,39648,35667,frame_000772.jpg,0.985,0.009,0.524,Lap1,1.860944,0.528258,150.908,0.004812,999
773,39703,35721,frame_000773.jpg,0.985,0.238,0.491,Lap1,1.861307,0.527990,151.797,0.004774,999
774,39758,35776,frame_000774.jpg,0.985,0.248,0.490,Lap1,1.863280,0.526620,151.693,0.004819,999
775,39812,35830,frame_000775.jpg,0.985,0.319,0.406,Lap1,1.851271,0.532047,151.918,0.004913,999
776,39866,35885,frame_000776.jpg,0.985,0.341,0.523,Lap1,1.833584,0.538047,153.301,0.004843,999
777,39921,35939,frame_000777.jpg,0.985,0.341,0.524,Lap1,1.813142,0.543459,155.599,0.004663,999
778,39976,35994,frame_000778.jpg,0.985,0.102,0.524,Lap1,1.794735,0.546977,158.372,0.004492,999
779,40030,36048,frame_000779.jpg,0.985,0.031,0.524,Lap1,1.783115,0.548340,160.880,0.004637,999
780,40085,36103,frame_000780.jpg,0.985,0.031,0.524,Lap1,1.776962,0.548532,162.783,0.004835,999
781,40139,36157,frame_000781.jpg,0.985,0.009,0.524,Lap1,1.771823,0.548763,165.069,0.004933,999
782,40194,36212,frame_000782.jpg,0.985,0.248,0.524,Lap1,1.764081,0.550249,166.400,0.005042,999
783,40248,36267,frame_000783.jpg,0.985,0.316,0.524,Lap1,1.760254,0.550202,167.331,0.005154,999
784,40303,36321,frame_000784.jpg,0.985,0.319,0.524,Lap1,1.744690,0.550908,168.618,0.005204,999
785,40357,36375,frame_000785.jpg,0.985,0.341,0.524,Lap1,1.725423,0.551052,170.664,0.005010,999
786,40412,36430,frame_000786.jpg,0.985,0.150,0.498,Lap1,1.703853,0.550261,173.230,0.004796,999
787,40467,36485,frame_000787.jpg,0.985,0.102,0.491,Lap1,1.686609,0.548428,175.957,0.004618,999
788,40521,36539,frame_000788.jpg,0.985,0.507,0.117,Lap1,1.674649,0.546759,178.203,0.004587,999
789,40576,36594,frame_000789.jpg,0.985,0.524,0.101,Lap1,1.652400,0.546606,179.391,0.004679,999
790,40630,36648,frame_000790.jpg,0.985,0.615,-0.071,Lap1,1.618817,0.546871,179.949,0.004480,999
791,40685,36703,frame_000791.jpg,0.985,0.429,-0.413,Lap1,1.578495,0.548055,179.788,0.005301,999
792,40739,36757,frame_000792.jpg,0.985,0.429,-0.413,Lap1,1.542166,0.552862,178.153,0.004388,999
793,40794,36812,frame_000793.jpg,0.985,0.374,-0.516,Lap1,1.511607,0.559693,175.202,0.004664,999
794,40848,36866,frame_000794.jpg,0.985,0.560,-0.270,Lap1,1.484475,0.567375,171.733,0.004634,999
795,40903,36921,frame_000795.jpg,0.985,0.561,-0.268,Lap1,1.451902,0.575660,168.952,0.004723,999
796,40957,36976,frame_000796.jpg,0.985,0.413,0.223,Lap1,1.415839,0.584241,166.963,0.004489,999
797,41012,37030,frame_000797.jpg,0.985,0.378,0.391,Lap1,1.382693,0.589364,167.281,0.005246,999
798,41066,37085,frame_000798.jpg,0.985,0.369,0.433,Lap1,1.352371,0.591797,169.049,0.004560,999
799,41121,37139,frame_000799.jpg,0.985,0.356,0.491,Lap1,1.325049,0.591994,171.800,0.004425,999
800,41176,37194,frame_000800.jpg,0.985,0.107,0.423,Lap1,1.299351,0.590621,174.958,0.004641,999
801,41230,37248,frame_000801.jpg,0.985,0.107,0.423,Lap1,1.281148,0.588548,177.837,0.004403,999
802,41285,37303,frame_000802.jpg,0.984,0.032,0.346,Lap1,1.269876,0.586801,179.997,0.004488,999
803,41339,37357,frame_000803.jpg,0.984,0.389,-0.112,Lap1,1.263872,0.585733,-178.686,0.004656,999
804,41394,37412,frame_000804.jpg,0.984,0.390,-0.113,Lap1,1.256809,0.585700,-178.140,0.004857,999
805,41448,37466,frame_000805.jpg,0.984,0.480,-0.276,Lap1,1.234321,0.586075,-178.387,0.004926,999
806,41503,37521,frame_000806.jpg,0.984,0.480,-0.276,Lap1,1.205044,0.588016,-179.573,0.004630,999
807,41557,37575,frame_000807.jpg,0.984,0.513,-0.315,Lap1,1.172208,0.591426,178.550,0.005422,999
808,41612,37630,frame_000808.jpg,0.984,0.537,-0.307,Lap1,1.136174,0.596239,176.298,0.004808,999
809,41666,37685,frame_000809.jpg,0.984,0.411,0.099,Lap1,1.099264,0.602886,173.838,0.005336,999
810,41721,37739,frame_000810.jpg,0.984,0.406,0.116,Lap1,1.063167,0.607003,172.407,0.004631,999
811,41776,37794,frame_000811.jpg,0.984,0.367,0.275,Lap1,1.031080,0.610052,172.429,0.004335,999
812,41830,37848,frame_000812.jpg,0.984,0.367,0.275,Lap1,1.001625,0.610741,173.677,0.004803,999
813,41885,37903,frame_000813.jpg,0.984,0.355,0.346,Lap1,0.973750,0.610437,175.525,0.004622,999
814,41939,37957,frame_000814.jpg,0.984,0.108,0.316,Lap1,0.947485,0.608850,177.744,0.004395,999
815,41994,38012,frame_000815.jpg,0.984,0.106,0.316,Lap1,0.929057,0.606787,179.888,0.004389,999
816,42048,38066,frame_000816.jpg,0.984,0.032,0.264,Lap1,0.917906,0.605208,-178.506,0.004470,999
817,42103,38121,frame_000817.jpg,0.984,0.010,0.190,Lap1,0.910611,0.604194,-177.545,0.004631,999
818,42157,38176,frame_000818.jpg,0.984,0.276,-0.138,Lap1,0.900826,0.603321,-177.187,0.004780,999
819,42212,38230,frame_000819.jpg,0.984,0.342,-0.220,Lap1,0.897484,0.603274,-176.917,0.004835,999
820,42266,38285,frame_000820.jpg,0.984,0.447,-0.336,Lap1,0.880987,0.603393,-177.176,0.004940,999
821,42321,38339,frame_000821.jpg,0.984,0.447,-0.336,Lap1,0.855659,0.605039,-178.453,0.004798,999
822,42375,38394,frame_000822.jpg,0.984,0.472,-0.380,Lap1,0.826367,0.608032,179.555,0.004480,999
823,42430,38448,frame_000823.jpg,0.984,0.390,0.014,Lap1,0.794387,0.612705,177.022,0.005086,999
824,42485,38503,frame_000824.jpg,0.984,0.387,0.030,Lap1,0.762462,0.615088,175.481,0.004830,999
825,42539,38557,frame_000825.jpg,0.984,0.522,0.187,Lap1,0.732184,0.617301,175.000,0.004691,999
826,42594,38612,frame_000826.jpg,0.984,0.522,0.187,Lap1,0.699028,0.618083,175.561,0.004411,999
827,42648,38666,frame_000827.jpg,0.984,0.401,0.264,Lap1,0.663381,0.618168,176.796,0.004983,999
828,42703,38721,frame_000828.jpg,0.984,0.401,0.264,Lap1,0.629920,0.616747,178.578,0.004929,999
829,42757,38775,frame_000829.jpg,0.984,0.526,0.258,Lap1,0.596849,0.614336,-179.449,0.005117,999
830,42812,38830,frame_000830.jpg,0.984,0.403,0.213,Lap1,0.561195,0.610693,-177.394,0.004623,999
831,42867,38885,frame_000831.jpg,0.984,0.367,0.164,Lap1,0.528632,0.606330,-175.474,0.004430,999
832,42921,38939,frame_000832.jpg,0.984,0.366,0.162,Lap1,0.498508,0.601781,-173.833,0.005036,999
833,42976,38994,frame_000833.jpg,0.984,0.441,-0.241,Lap1,0.469858,0.598087,-172.734,0.004553,999
834,43030,39048,frame_000834.jpg,0.984,0.380,-0.389,Lap1,0.439724,0.596780,-173.349,0.004479,999
835,43085,39103,frame_000835.jpg,0.984,0.377,-0.395,Lap1,0.410323,0.597685,-175.278,0.004716,999
836,43139,39157,frame_000836.jpg,0.983,0.358,-0.455,Lap1,0.382262,0.599610,-177.823,0.004946,999
837,43194,39212,frame_000837.jpg,0.983,0.358,-0.455,Lap1,0.355904,0.603353,179.293,0.004367,999
838,43248,39266,frame_000838.jpg,0.983,0.457,-0.398,Lap1,0.330266,0.608262,176.279,0.004693,999
839,43303,39321,frame_000839.jpg,0.983,0.385,0.051,Lap1,0.301701,0.614572,173.398,0.004447,999
840,43357,39375,frame_000840.jpg,0.983,0.382,0.070,Lap1,0.271775,0.618889,171.580,0.005188,999
841,43412,39430,frame_000841.jpg,0.983,0.506,0.220,Lap1,0.241878,0.622427,171.242,0.004548,999
842,43467,39485,frame_000842.jpg,0.983,0.419,0.325,Lap1,0.208805,0.624995,172.102,0.005111,999
843,43521,39539,frame_000843.jpg,0.983,0.397,0.351,Lap1,0.175392,0.625696,173.950,0.004805,999
844,43576,39594,frame_000844.jpg,0.983,0.490,0.336,Lap1,0.144273,0.624915,176.422,0.005218,999
845,43630,39648,frame_000845.jpg,0.983,0.578,0.239,Lap1,0.110745,0.622913,179.030,0.004704,999
846,43685,39703,frame_000846.jpg,0.983,0.582,0.235,Lap1,0.073974,0.620139,-178.583,0.005245,999
847,43739,39757,frame_000847.jpg,0.983,0.628,0.177,Lap1,0.033251,0.616115,-176.550,0.004865,999
848,43794,39812,frame_000848.jpg,0.983,0.503,-0.260,Lap1,-0.010418,0.611799,-175.104,0.005787,999
849,43848,39866,frame_000849.jpg,0.983,0.503,-0.261,Lap1,-0.051442,0.611112,-175.464,0.004557,999
850,43903,39921,frame_000850.jpg,0.983,0.466,-0.392,Lap1,-0.088522,0.612731,-177.282,0.004499,999
851,43957,39976,frame_000851.jpg,0.983,0.471,-0.407,Lap1,-0.123259,0.616286,179.931,0.004964,999
852,44012,40030,frame_000852.jpg,0.983,0.471,-0.407,Lap1,-0.157069,0.621553,176.914,0.005403,999
853,44066,40085,frame_000853.jpg,0.983,0.386,-0.024,Lap1,-0.190399,0.626374,174.347,0.004925,999
854,44121,40139,frame_000854.jpg,0.983,0.509,0.190,Lap1,-0.221371,0.629891,173.148,0.004398,999
855,44175,40194,frame_000855.jpg,0.983,0.509,0.190,Lap1,-0.254191,0.631684,173.477,0.004454,999
856,44230,40248,frame_000856.jpg,0.983,0.514,0.302,Lap1,-0.289999,0.632556,174.794,0.005325,999
857,44285,40303,frame_000857.jpg,0.983,0.577,0.242,Lap1,-0.327081,0.632084,176.863,0.005114,999
858,44339,40358,frame_000858.jpg,0.983,0.580,0.239,Lap1,-0.366105,0.630718,179.149,0.004928,999
859,44394,40412,frame_000859.jpg,0.983,0.619,0.191,Lap1,-0.406749,0.627947,-178.689,0.004373,999
860,44448,40467,frame_000860.jpg,0.983,0.431,0.089,Lap1,-0.449548,0.624196,-176.783,0.005185,999
861,44503,40521,frame_000861.jpg,0.983,0.431,0.089,Lap1,-0.487927,0.620599,-175.518,0.005576,999
862,44557,40575,frame_000862.jpg,0.982,0.374,0.054,Lap1,-0.521913,0.616970,-174.680,0.004682,999
863,44612,40630,frame_000863.jpg,0.982,0.418,-0.311,Lap1,-0.551771,0.614603,-174.334,0.004133,999
864,44667,40685,frame_000864.jpg,0.982,0.427,-0.402,Lap1,-0.581048,0.615388,-175.711,0.003961,999
865,44721,40739,frame_000865.jpg,0.982,0.429,-0.424,Lap1,-0.610164,0.618169,-178.245,0.004142,999
866,44776,40794,frame_000866.jpg,0.982,0.444,-0.441,Lap1,-0.639807,0.622421,178.654,0.004572,999
867,44830,40848,frame_000867.jpg,0.982,0.444,-0.441,Lap1,-0.670617,0.628225,175.401,0.005181,999
868,44885,40903,frame_000868.jpg,0.982,0.638,-0.103,Lap1,-0.703836,0.634575,172.544,0.004964,999
869,44939,40957,frame_000869.jpg,0.982,0.626,0.102,Lap1,-0.744433,0.641499,170.743,0.004911,999
870,44994,41012,frame_000870.jpg,0.982,0.626,0.104,Lap1,-0.787860,0.647546,170.245,0.005381,999
871,45048,41066,frame_000871.jpg,0.982,0.635,0.148,Lap1,-0.833202,0.653687,170.642,0.004995,999
872,45103,41121,frame_000872.jpg,0.982,0.601,0.215,Lap1,-0.879008,0.658882,171.708,0.005005,999
873,45157,41175,frame_000873.jpg,0.982,0.601,0.215,Lap1,-0.924904,0.662349,173.322,0.005250,999
874,45212,41230,frame_000874.jpg,0.982,0.617,0.197,Lap1,-0.969677,0.664355,175.120,0.004352,999
875,45266,41285,frame_000875.jpg,0.982,0.625,0.186,Lap1,-1.014669,0.664960,176.987,0.005335,999
876,45321,41339,frame_000876.jpg,0.982,0.625,0.186,Lap1,-1.060641,0.664399,178.889,0.004733,999
877,45376,41394,frame_000877.jpg,0.982,0.681,0.102,Lap1,-1.106411,0.662555,-179.293,0.005433,999
878,45430,41448,frame_000878.jpg,0.982,0.724,0.028,Lap1,-1.155145,0.660229,-177.966,0.004775,999
879,45485,41503,frame_000879.jpg,0.982,0.726,0.025,Lap1,-1.206032,0.657604,-177.141,0.005535,999
880,45539,41557,frame_000880.jpg,0.982,0.677,-0.090,Lap1,-1.258135,0.654983,-176.720,0.004497,999
881,45594,41612,frame_000881.jpg,0.982,0.677,-0.090,Lap1,-1.308674,0.653441,-176.954,0.005540,999
882,45648,41666,frame_000882.jpg,0.982,0.507,-0.358,Lap1,-1.357156,0.654093,-178.026,0.004813,999
883,45703,41721,frame_000883.jpg,0.981,0.554,-0.292,Lap1,-1.398385,0.657822,179.540,0.005252,999
884,45758,41776,frame_000884.jpg,0.981,0.616,0.008,Lap1,-1.438731,0.662531,176.866,0.004687,999
885,45812,41830,frame_000885.jpg,0.981,0.619,0.020,Lap1,-1.480475,0.665408,175.375,0.004435,999
886,45866,41885,frame_000886.jpg,0.981,0.592,0.184,Lap1,-1.524674,0.668092,175.042,0.005371,999
887,45921,41939,frame_000887.jpg,0.981,0.584,0.231,Lap1,-1.568922,0.669503,175.719,0.004823,999
888,45975,41994,frame_000888.jpg,0.981,0.584,0.233,Lap1,-1.612326,0.669377,177.192,0.005110,999
889,46030,42048,frame_000889.jpg,0.981,0.590,0.234,Lap1,-1.654980,0.667788,179.164,0.004421,999
890,46085,42103,frame_000890.jpg,0.981,0.590,0.234,Lap1,-1.697566,0.664571,-178.556,0.005115,999
891,46139,42157,frame_000891.jpg,0.981,0.422,0.471,Lap1,-1.738365,0.658661,-176.006,0.004580,999
892,46194,42212,frame_000892.jpg,0.981,0.495,0.375,Lap1,-1.771948,0.650094,-172.503,0.004406,999
893,46248,42267,frame_000893.jpg,0.981,0.495,0.375,Lap1,-1.805868,0.640469,-169.134,0.005245,999
894,46303,42321,frame_000894.jpg,0.981,0.394,0.524,Lap1,-1.838322,0.628609,-165.727,0.004706,999
895,46357,42376,frame_000895.jpg,0.981,0.363,0.524,Lap1,-1.865618,0.615230,-161.861,0.004975,999
896,46412,42430,frame_000896.jpg,0.981,0.363,0.524,Lap1,-1.889349,0.601369,-158.050,0.004472,999
897,46466,42485,frame_000897.jpg,0.981,0.354,0.524,Lap1,-1.910714,0.586772,-154.363,0.004410,999
898,46521,42539,frame_000898.jpg,0.981,0.106,0.524,Lap1,-1.930360,0.571530,-150.815,0.004967,999
899,46576,42594,frame_000899.jpg,0.981,0.106,0.524,Lap1,-1.942912,0.559696,-147.558,0.004376,999
900,46630,42648,frame_000900.jpg,0.981,0.032,0.524,Lap1,-1.949865,0.552101,-145.071,0.004190,999
901,46685,42703,frame_000901.jpg,0.981,0.010,0.486,Lap1,-1.954612,0.546618,-143.500,0.004316,999
902,46739,42757,frame_000902.jpg,0.981,0.010,0.486,Lap1,-1.958149,0.543053,-142.864,0.004473,999
903,46794,42812,frame_000903.jpg,0.981,0.248,0.498,Lap1,-1.957484,0.542663,-142.371,0.004566,999
904,46848,42866,frame_000904.jpg,0.981,0.316,0.464,Lap1,-1.965219,0.535272,-141.742,0.004642,999
905,46903,42921,frame_000905.jpg,0.981,0.319,0.463,Lap1,-1.976215,0.523133,-140.244,0.004619,999
906,46957,42975,frame_000906.jpg,0.981,0.341,0.524,Lap1,-1.988984,0.507903,-138.123,0.004487,999
907,47012,43030,frame_000907.jpg,0.981,0.341,0.524,Lap1,-2.001810,0.490375,-135.411,0.004658,999
908,47066,43085,frame_000908.jpg,0.981,0.102,0.524,Lap1,-2.012504,0.473586,-132.418,0.004448,999
909,47121,43139,frame_000909.jpg,0.981,0.031,0.524,Lap1,-2.018437,0.462434,-129.759,0.004322,999
910,47175,43194,frame_000910.jpg,0.981,0.013,0.524,Lap1,-2.021169,0.456184,-127.833,0.004417,999
911,47230,43248,frame_000911.jpg,0.981,0.009,0.524,Lap1,-2.025574,0.448199,-126.822,0.004580,999
912,47285,43303,frame_000912.jpg,0.981,0.179,0.524,Lap1,-2.027357,0.444454,-125.917,0.004681,999
913,47339,43357,frame_000913.jpg,0.981,0.298,0.524,Lap1,-2.027993,0.442310,-125.215,0.004741,999
914,47394,43412,frame_000914.jpg,0.981,0.299,0.524,Lap1,-2.034911,0.429120,-124.232,0.004801,999
915,47448,43466,frame_000915.jpg,0.981,0.335,0.524,Lap1,-2.042010,0.412125,-122.167,0.004734,999
916,47503,43521,frame_000916.jpg,0.981,0.335,0.524,Lap1,-2.049294,0.392589,-119.550,0.004566,999
917,47557,43576,frame_000917.jpg,0.981,0.345,0.524,Lap1,-2.056031,0.371351,-116.591,0.004392,999
918,47612,43630,frame_000918.jpg,0.981,0.104,0.524,Lap1,-2.061534,0.349692,-113.457,0.004732,999
919,47666,43685,frame_000919.jpg,0.981,0.104,0.524,Lap1,-2.063977,0.334671,-110.525,0.004621,999
920,47721,43739,frame_000920.jpg,0.981,0.031,0.524,Lap1,-2.065039,0.324690,-108.253,0.004662,999
921,47776,43794,frame_000921.jpg,0.981,0.009,0.524,Lap1,-2.063869,0.324556,-106.591,0.004572,999
922,47830,43848,frame_000922.jpg,0.981,0.009,0.524,Lap1,-2.064504,0.323986,-105.964,0.004422,999
923,47885,43903,frame_000923.jpg,0.981,0.248,0.524,Lap1,-2.064901,0.321931,-105.820,0.004328,999
924,47939,43957,frame_000924.jpg,0.981,0.319,0.524,Lap1,-2.065871,0.308399,-104.787,0.004303,999
925,47994,44012,frame_000925.jpg,0.981,0.319,0.524,Lap1,-2.066818,0.290929,-102.828,0.004421,999
926,48048,44066,frame_000926.jpg,0.981,0.341,0.524,Lap1,-2.067040,0.270734,-100.329,0.004666,999
927,48103,44121,frame_000927.jpg,0.981,0.102,0.524,Lap1,-2.066242,0.249175,-97.507,0.004662,999
928,48157,44175,frame_000928.jpg,0.981,0.102,0.524,Lap1,-2.064349,0.233800,-94.642,0.004744,999
929,48212,44230,frame_000929.jpg,0.981,0.031,0.524,Lap1,-2.062614,0.224522,-92.381,0.004727,999
930,48267,44285,frame_000930.jpg,0.981,0.013,0.524,Lap1,-2.061515,0.218788,-90.227,0.004651,999
931,48321,44339,frame_000931.jpg,0.981,0.009,0.524,Lap1,-2.060539,0.212419,-88.339,0.004616,999
932,48376,44394,frame_000932.jpg,0.980,0.248,0.524,Lap1,-2.059404,0.211318,-87.263,0.004687,999
933,48430,44448,frame_000933.jpg,0.980,0.305,0.524,Lap1,-2.057929,0.199837,-86.422,0.004816,999
934,48485,44503,frame_000934.jpg,0.980,0.319,0.524,Lap1,-2.054335,0.185279,-85.008,0.004828,999
935,48539,44557,frame_000935.jpg,0.980,0.341,0.524,Lap1,-2.048735,0.166420,-82.735,0.004695,999
936,48594,44612,frame_000936.jpg,0.980,0.102,0.524,Lap1,-2.041754,0.146742,-79.935,0.004495,999
937,48648,44666,frame_000937.jpg,0.980,0.102,0.524,Lap1,-2.035901,0.133844,-77.183,0.004320,999
938,48703,44721,frame_000938.jpg,0.980,0.031,0.524,Lap1,-2.031549,0.125337,-75.036,0.004287,999
939,48757,44775,frame_000939.jpg,0.980,0.010,0.524,Lap1,-2.027302,0.115968,-73.691,0.004393,999
940,48812,44830,frame_000940.jpg,0.980,0.009,0.524,Lap1,-2.024772,0.112613,-72.521,0.004483,999
941,48866,44885,frame_000941.jpg,0.980,0.248,0.524,Lap1,-2.022672,0.107975,-71.628,0.004555,999
942,48921,44939,frame_000942.jpg,0.980,0.319,0.524,Lap1,-2.016896,0.096647,-70.568,0.004623,999
943,48975,44994,frame_000943.jpg,0.980,0.319,0.524,Lap1,-2.008149,0.081802,-68.722,0.004595,999
944,49030,45048,frame_000944.jpg,0.980,0.341,0.524,Lap1,-1.997200,0.064939,-66.236,0.004454,999
945,49085,45103,frame_000945.jpg,0.980,0.112,0.524,Lap1,-1.987751,0.048720,-63.348,0.004856,999
946,49139,45158,frame_000946.jpg,0.980,0.102,0.524,Lap1,-2.006807,0.050429,-60.802,0.005303,999
947,49194,45212,frame_000947.jpg,0.980,0.031,0.524,Lap1,-2.012397,0.054662,-60.706,0.005841,999
948,49248,45266,frame_000948.jpg,0.980,0.009,0.524,Lap1,-2.013393,0.055275,-61.244,0.004824,999
949,49303,45321,frame_000949.jpg,0.980,0.009,0.524,Lap1,-2.013199,0.055325,-62.180,0.003940,999
950,49357,45375,frame_000950.jpg,0.980,0.248,0.524,Lap1,-2.012592,0.053493,-62.827,0.003538,999
951,49412,45430,frame_000951.jpg,0.980,0.319,0.524,Lap1,-2.006227,0.045038,-62.777,0.003485,999
952,49466,45485,frame_000952.jpg,0.980,0.319,0.524,Lap1,-1.997195,0.033979,-60.715,0.003524,999
953,49521,45539,frame_000953.jpg,0.980,0.341,0.524,Lap1,-2.006479,0.025510,-57.701,0.003625,999
954,49576,45594,frame_000954.jpg,0.980,0.104,0.524,Lap1,-2.011821,0.022427,-55.527,0.004747,999
955,49630,45648,frame_000955.jpg,0.980,0.102,0.524,Lap1,-2.006772,0.016952,-54.560,0.006011,999
956,49685,45703,frame_000956.jpg,0.980,0.031,0.524,Lap1,-2.001711,0.012285,-53.689,0.005285,999
957,49739,45757,frame_000957.jpg,0.980,0.031,0.524,Lap1,-1.997555,0.007939,-52.779,0.004269,999
958,49794,45812,frame_000958.jpg,0.980,0.009,0.524,Lap1,-2.016257,0.010835,-50.796,0.004427,999
959,49848,45866,frame_000959.jpg,0.980,0.248,0.524,Lap1,-2.025069,0.017993,-51.637,0.004800,999
960,49903,45921,frame_000960.jpg,0.980,0.316,0.524,Lap1,-2.020749,0.012696,-52.482,0.005014,999
961,49957,45975,frame_000961.jpg,0.980,0.319,0.524,Lap1,-2.010404,0.002483,-52.049,0.004754,999
962,50012,46030,frame_000962.jpg,0.980,0.341,0.524,Lap1,-1.996233,-0.009730,-50.351,0.004247,999
963,50066,46085,frame_000963.jpg,0.980,0.112,0.524,Lap1,-1.994311,-0.020337,-47.661,0.004510,999
964,50121,46139,frame_000964.jpg,0.980,0.102,0.524,Lap1,-2.016217,-0.022352,-44.988,0.005511,999
965,50176,46194,frame_000965.jpg,0.980,0.031,0.524,Lap1,-2.023074,-0.019822,-44.690,0.006245,999
966,50230,46248,frame_000966.jpg,0.980,0.009,0.524,Lap1,-2.028609,-0.015719,-44.802,0.004500,999
967,50285,46303,frame_000967.jpg,0.980,0.009,0.524,Lap1,-2.030376,-0.014719,-45.132,0.003520,999
968,50339,46357,frame_000968.jpg,0.980,0.248,0.524,Lap1,-2.030231,-0.015243,-45.399,0.003214,999
969,50394,46412,frame_000969.jpg,0.980,0.316,0.524,Lap1,-2.029425,-0.015262,-45.448,0.003206,999
970,50448,46466,frame_000970.jpg,0.980,0.319,0.524,Lap1,-2.017244,-0.023730,-44.332,0.003276,999
971,50503,46521,frame_000971.jpg,0.980,0.341,0.524,Lap1,-2.001411,-0.033697,-42.194,0.003360,999
972,50557,46575,frame_000972.jpg,0.980,0.150,0.524,Lap1,-1.991685,-0.043806,-39.348,0.003454,999
973,50612,46630,frame_000973.jpg,0.980,0.102,0.524,Lap1,-2.009318,-0.048863,-35.869,0.003922,999
974,50666,46685,frame_000974.jpg,0.980,0.031,0.524,Lap1,-2.018677,-0.047094,-35.488,0.005447,999
975,50721,46739,frame_000975.jpg,0.980,0.031,0.524,Lap1,-2.016909,-0.048482,-35.935,0.005672,999
976,50775,46794,frame_000976.jpg,0.980,0.009,0.524,Lap1,-2.011684,-0.051236,-35.544,0.004787,999
977,50830,46848,frame_000977.jpg,0.980,0.248,0.524,Lap1,-2.015127,-0.049062,-35.935,0.003738,999
978,50885,46903,frame_000978.jpg,0.980,0.305,0.524,Lap1,-2.009504,-0.052264,-36.094,0.003486,999
979,50939,46957,frame_000979.jpg,0.980,0.319,0.524,Lap1,-1.998253,-0.057915,-35.479,0.003472,999
980,50994,47012,frame_000980.jpg,0.980,0.341,0.524,Lap1,-1.988607,-0.067387,-33.226,0.003536,999
981,51048,47066,frame_000981.jpg,0.980,0.112,0.524,Lap1,-1.998880,-0.078962,-29.728,0.004204,999
982,51103,47121,frame_000982.jpg,0.980,0.102,0.524,Lap1,-1.998793,-0.079124,-27.911,0.005474,999
983,51157,47176,frame_000983.jpg,0.980,0.031,0.524,Lap1,-1.995240,-0.080484,-26.845,0.005624,999
984,51212,47230,frame_000984.jpg,0.980,0.009,0.524,Lap1,-1.991439,-0.081227,-25.443,0.004463,999
985,51267,47285,frame_000985.jpg,0.980,0.009,0.524,Lap1,-1.984532,-0.083360,-24.181,0.004100,999
986,51321,47339,frame_000986.jpg,0.980,0.248,0.524,Lap1,-1.981850,-0.084034,-23.655,0.003829,999
987,51376,47394,frame_000987.jpg,0.980,0.316,0.524,Lap1,-1.984443,-0.088910,-22.537,0.003853,999
988,51430,47448,frame_000988.jpg,0.980,0.319,0.524,Lap1,-1.973128,-0.091564,-21.697,0.004005,999
989,51485,47503,frame_000989.jpg,0.980,0.341,0.524,Lap1,-1.966598,-0.105921,-19.740,0.004809,999
990,51539,47557,frame_000990.jpg,0.980,0.102,0.524,Lap1,-1.964267,-0.118501,-18.274,0.005678,999
991,51594,47612,frame_000991.jpg,0.980,0.102,0.524,Lap1,-1.955222,-0.120216,-18.229,0.005796,999
992,51648,47666,frame_000992.jpg,0.980,0.031,0.524,Lap1,-1.948702,-0.120806,-17.522,0.004294,999
993,51703,47721,frame_000993.jpg,0.980,0.010,0.242,Lap1,-1.938988,-0.122035,-16.537,0.003592,999
994,51757,47776,frame_000994.jpg,0.980,0.009,0.230,Lap1,-1.929049,-0.124409,-15.548,0.003454,999
995,51812,47830,frame_000995.jpg,0.980,0.246,-0.445,Lap1,-1.926263,-0.124605,-14.912,0.003476,999
996,51867,47885,frame_000996.jpg,0.980,0.248,-0.450,Lap1,-1.921984,-0.150753,-13.439,0.003578,999
997,51921,47939,frame_000997.jpg,0.980,0.319,-0.524,Lap1,-1.909112,-0.156856,-13.026,0.003660,999
998,51975,47994,frame_000998.jpg,0.980,0.340,-0.295,Lap1,-1.892188,-0.164648,-14.842,0.003722,999
999,52030,48048,frame_000999.jpg,0.980,0.341,-0.285,Lap1,-1.871733,-0.172693,-16.811,0.004293,999
1000,52085,48103,frame_001000.jpg,0.980,0.102,-0.524,Lap1,-1.850806,-0.182205,-18.784,0.004635,999
1001,52139,48157,frame_001001.jpg,0.980,0.102,-0.524,Lap1,-1.837651,-0.190733,-21.337,0.004350,999
1002,52194,48212,frame_001002.jpg,0.980,0.031,-0.524,Lap1,-1.830211,-0.196187,-23.483,0.004294,999
1003,52248,48266,frame_001003.jpg,0.980,0.009,-0.524,Lap1,-1.825564,-0.199577,-25.529,0.004236,999
1004,52303,48321,frame_001004.jpg,0.979,0.200,-0.524,Lap1,-1.821743,-0.202368,-27.017,0.004175,999
1005,52357,48375,frame_001005.jpg,0.979,0.248,-0.524,Lap1,-1.824398,-0.202277,-27.970,0.004171,999
1006,52412,48430,frame_001006.jpg,0.979,0.319,-0.524,Lap1,-1.813915,-0.209011,-28.662,0.004181,999
1007,52466,48485,frame_001007.jpg,0.979,0.319,-0.524,Lap1,-1.800930,-0.220015,-30.420,0.004194,999
1008,52521,48539,frame_001008.jpg,0.979,0.341,-0.524,Lap1,-1.786221,-0.233588,-32.896,0.004207,999
1009,52575,48594,frame_001009.jpg,0.979,0.102,-0.480,Lap1,-1.771656,-0.248486,-35.802,0.004219,999
1010,52630,48648,frame_001010.jpg,0.979,0.045,-0.515,Lap1,-1.762534,-0.259199,-38.506,0.004230,999
1011,52685,48703,frame_001011.jpg,0.979,0.031,-0.524,Lap1,-1.757735,-0.265814,-40.552,0.004241,999
1012,52739,48757,frame_001012.jpg,0.979,0.009,-0.524,Lap1,-1.757214,-0.268110,-41.333,0.004251,999
1013,52794,48812,frame_001013.jpg,0.979,0.009,-0.524,Lap1,-1.755980,-0.268597,-41.092,0.004260,999
1014,52848,48866,frame_001014.jpg,0.979,0.248,0.110,Lap1,-1.757411,-0.267787,-41.280,0.004268,999
1015,52903,48921,frame_001015.jpg,0.979,0.564,-0.020,Lap1,-1.750796,-0.273325,-40.947,0.004276,999
1016,52957,48975,frame_001016.jpg,0.979,0.624,-0.074,Lap1,-1.731156,-0.290567,-40.980,0.004281,999
1017,53012,49030,frame_001017.jpg,0.979,0.639,-0.088,Lap1,-1.704412,-0.314910,-41.262,0.004286,999
1018,53066,49085,frame_001018.jpg,0.979,0.622,-0.167,Lap1,-1.674529,-0.343789,-42.078,0.004363,999
1019,53121,49139,frame_001019.jpg,0.979,0.589,-0.233,Lap1,-1.644378,-0.374882,-43.544,0.004631,999
1020,53176,49194,frame_001020.jpg,0.979,0.589,-0.233,Lap1,-1.615668,-0.407562,-45.692,0.004767,999
1021,53230,49248,frame_001021.jpg,0.979,0.691,-0.086,Lap1,-1.586684,-0.441257,-47.901,0.005719,999
1022,53285,49303,frame_001022.jpg,0.979,0.000,0.000,Finish,-1.547833,-0.485159,-49.561,0.004855,999
