time_id,drive_torque,steer_angle
0,0.0,0.0
1,0.0,0.0
2,0.0,0.0
3,0.0,0.0
4,0.0,0.0
5,0.0,0.0
6,0.0,0.0
7,0.0,0.0
8,0.0,0.0
9,0.0,0.0
10,0.0,0.0
11,0.0,0.0
12,0.0,0.0
13,0.0,0.0
14,0.0,0.0
15,0.0,0.0
16,0.0,0.0
17,0.0,0.0
18,0.0,0.0
19,0.0,0.0
20,0.0,0.0
21,0.0,0.0
22,0.0,0.0
23,0.0,0.0
24,0.0,0.0
25,0.0,0.0
26,0.0,0.0
27,0.0,0.0
28,0.0,0.0
29,0.0,0.0
30,0.0,0.0
31,0.0,0.0
32,0.0,0.0
33,0.0,0.0
34,0.0,0.0
35,0.0,0.0
36,0.0,0.0
37,0.0,0.0
38,0.0,0.0
39,0.0,0.0
40,0.0,0.0
41,0.0,0.0
42,0.0,0.0
43,0.0,0.0
44,0.0,0.0
45,0.0,0.0
46,0.0,0.0
47,0.0,0.0
48,0.0,0.0
49,0.0,0.0
50,0.0,0.0
51,0.0,0.0
52,0.0,0.0
53,0.0,0.0
54,0.0,0.0
55,0.0,0.0
56,0.0,0.0
57,0.0,0.0
58,0.0,0.0
59,0.0,0.0
60,0.0,0.0
61,0.0,0.0
62,0.0,0.524
63,0.0,0.524
64,0.0,0.524
65,0.0,0.524
66,0.0,0.5
67,0.0,0.387
68,0.0,0.216
69,0.0,0.02
70,0.0,0.093
71,0.0,0.138
72,0.0,0.155
73,0.0,0.105
74,0.332,0.004
75,0.415,0.06
76,0.54,0.075
77,0.574,0.073
78,0.562,0.067
79,0.562,0.061
80,0.551,0.034
81,0.548,0.012
82,0.409,0.052
83,0.368,0.073
84,0.393,0.076
85,0.392,0.07
86,0.392,-0.067
87,0.403,-0.053
88,0.474,-0.021
89,0.387,-0.008
90,0.362,0.024
91,0.361,0.032
92,0.353,0.038
93,0.616,0.045
94,0.661,0.05
95,0.644,0.052
96,0.644,0.051
97,0.438,0.053
98,0.376,0.061
99,0.358,0.082
100,0.358,0.112
101,0.563,0.128
102,0.669,0.123
103,0.446,0.105
104,0.446,0.076
105,0.379,0.04
106,0.492,0.015
107,0.565,0.006
108,0.565,0.011
109,0.415,0.022
110,0.369,0.043
111,0.413,0.08
112,0.413,0.121
113,0.429,0.153
114,0.524,0.164
115,0.402,0.168
116,0.402,0.194
117,0.366,0.24
118,0.355,0.258
119,0.106,0.219
120,0.106,0.178
121,0.032,0.169
122,0.01,0.192
123,0.248,0.226
124,0.318,0.242
125,0.319,0.235
126,0.341,0.212
127,0.102,0.203
128,0.102,0.199
129,0.031,0.19
130,0.009,0.18
131,0.246,0.164
132,0.305,0.165
133,0.319,0.21
134,0.341,0.101
135,0.112,0.136
136,0.102,0.073
137,0.031,0.184
138,0.009,0.102
139,0.238,0.146
140,0.248,0.06
141,0.319,0.077
142,0.5,0.26
143,0.551,0.422
144,0.553,0.052
145,0.636,0.019
146,0.436,0.201
147,0.436,0.051
148,0.376,0.302
149,0.358,0.32
150,0.107,0.264
151,0.107,0.167
152,0.32,0.128
153,0.341,0.171
154,0.347,0.208
155,0.516,0.209
156,0.523,0.249
157,0.402,0.33
158,0.495,0.419
159,0.495,0.511
160,0.394,0.524
161,0.363,0.524
162,0.354,0.524
163,0.354,0.435
164,0.106,0.287
165,0.032,0.524
166,0.01,0.524
167,0.01,0.524
168,0.248,0.524
169,0.251,0.524
170,0.234,0.524
171,0.214,0.524
172,0.213,0.524
173,0.309,0.524
174,0.269,0.524
175,0.269,0.524
176,0.326,0.524
177,0.098,0.524
178,0.029,0.524
179,0.029,0.524
180,0.009,0.437
181,0.248,0.205
182,0.319,0.24
183,0.319,0.513
184,0.341,0.524
185,0.102,0.524
186,0.032,0.524
187,0.031,0.524
188,0.009,0.524
189,0.248,0.524
190,0.319,0.524
191,0.319,0.524
192,0.341,0.524
193,0.102,0.47
194,0.031,0.32
195,0.031,0.387
196,0.009,0.516
197,0.248,0.524
198,0.318,0.524
199,0.319,0.524
200,0.341,0.524
201,0.285,0.447
202,0.25,0.32
203,0.25,0.313
204,0.223,0.432
205,0.2,0.524
206,0.06,0.524
207,0.02,0.524
208,0.018,0.524
209,0.005,0.502
210,0.247,0.364
211,0.305,0.359
212,0.319,0.456
213,0.341,0.524
214,0.102,0.524
215,0.102,0.524
216,0.031,0.524
217,0.009,0.524
218,0.248,0.524
219,0.318,0.524
220,0.319,0.524
221,0.341,0.524
222,0.102,0.524
223,0.034,0.39
224,0.031,0.281
225,0.009,0.213
226,0.248,0.213
227,0.305,0.216
228,0.319,0.203
229,0.341,0.187
230,0.102,0.151
231,0.396,0.12
232,0.398,0.096
233,0.364,0.074
234,0.566,0.078
235,0.566,0.086
236,0.655,0.075
237,0.694,0.052
238,0.693,0.024
239,0.685,0.006
240,0.685,0.004
241,0.666,0.014
242,0.678,0.031
243,0.661,0.044
244,0.487,0.046
245,0.443,0.034
246,0.378,0.02
247,0.358,0.014
248,0.508,0.005
249,0.514,0.005
250,0.551,0.006
251,0.41,0.002
252,0.368,0.006
253,0.495,-0.016
254,0.547,-0.025
255,0.549,0.032
256,0.41,0.037
257,0.37,0.04
258,0.368,0.045
259,0.355,0.042
260,0.107,0.015
261,0.378,0.022
262,0.38,0.053
263,0.452,0.065
264,0.48,-0.049
265,0.483,-0.025
266,0.483,-0.001
267,0.39,-0.024
268,0.362,-0.043
269,0.354,0.054
270,0.354,0.058
271,0.106,0.049
272,0.033,0.022
273,0.032,0.015
274,0.355,0.052
275,0.428,0.072
276,0.427,-0.054
277,0.433,-0.015
278,0.456,-0.014
279,0.457,-0.04
280,0.382,-0.068
281,0.36,0.088
282,0.353,0.084
283,0.353,0.052
284,0.106,0.004
285,0.032,0.036
286,0.011,0.064
287,0.01,0.065
288,0.31,-0.04
289,0.394,-0.015
290,0.413,-0.002
291,0.413,-0.022
292,0.369,-0.043
293,0.356,-0.061
294,0.476,0.065
295,0.406,0.042
296,0.388,0.004
297,0.361,0.021
298,0.353,0.029
299,0.4,0.032
300,0.407,-0.032
301,0.409,-0.025
302,0.413,-0.018
303,0.369,-0.012
304,0.369,-0.007
305,0.356,-0.002
306,0.484,-0.0
307,0.534,-0.004
308,0.406,-0.013
309,0.375,0.02
310,0.367,-0.028
311,0.374,-0.036
312,0.367,-0.037
313,0.355,-0.027
314,0.352,-0.011
315,0.352,-0.007
316,0.598,-0.024
317,0.702,-0.038
318,0.715,0.047
319,0.736,0.048
320,0.737,0.05
321,0.678,0.054
322,0.72,0.059
323,0.719,0.062
324,0.732,0.059
325,0.735,0.048
326,0.659,0.039
327,0.611,0.039
328,0.571,0.048
329,0.463,0.071
330,0.458,0.097
331,0.488,0.115
332,0.419,0.122
333,0.408,0.138
334,0.408,0.179
335,0.511,0.224
336,0.398,0.263
337,0.365,0.29
338,0.364,0.298
339,0.354,0.299
340,0.106,0.327
341,0.033,0.378
342,0.011,0.429
343,0.01,0.505
344,0.248,0.524
345,0.319,0.524
346,0.341,0.524
347,0.15,0.524
348,0.102,0.524
349,0.418,0.524
350,0.371,0.524
351,0.356,0.524
352,0.352,0.524
353,0.155,0.524
354,0.106,0.524
355,0.032,0.524
356,0.009,0.524
357,0.179,0.481
358,0.298,0.354
359,0.273,0.31
360,0.266,0.389
361,0.239,0.524
362,0.314,0.524
363,0.317,0.524
364,0.34,0.524
365,0.102,0.524
366,0.031,0.524
367,0.01,0.524
368,0.009,0.524
369,0.248,0.524
370,0.319,0.524
371,0.341,0.524
372,0.104,0.524
373,0.034,0.524
374,0.031,0.524
375,0.009,0.524
376,0.248,0.524
377,0.319,0.499
378,0.341,0.092
379,0.15,0.119
380,0.102,0.524
381,0.031,0.524
382,0.009,0.524
383,0.009,0.524
384,0.248,0.505
385,0.251,0.482
386,0.234,0.456
387,0.312,0.448
388,0.315,0.495
389,0.34,0.524
390,0.102,0.524
391,0.031,0.524
392,0.186,0.524
393,0.061,0.524
394,0.056,0.524
395,0.262,0.524
396,0.324,0.524
397,0.342,0.524
398,0.279,0.524
399,0.086,0.524
400,0.037,0.524
401,0.025,0.524
402,0.008,0.515
403,0.247,0.524
404,0.319,0.5
405,0.341,0.411
406,0.112,0.264
407,0.102,0.149
408,0.031,0.286
409,0.009,0.481
410,0.332,0.383
411,0.502,0.226
412,0.503,0.213
413,0.658,0.243
414,0.517,0.237
415,0.617,0.186
416,0.43,0.148
417,0.376,0.122
418,0.36,0.074
419,0.357,0.053
420,0.107,0.066
421,0.032,0.073
422,0.01,0.06
423,0.238,0.044
424,0.248,0.075
425,0.319,0.144
426,0.341,0.207
427,0.102,0.245
428,0.031,0.245
429,0.01,0.226
430,0.009,0.238
431,0.248,0.332
432,0.319,0.397
433,0.34,0.25
434,0.341,0.001
435,0.102,0.161
436,0.031,0.184
437,0.01,0.067
438,0.009,0.08
439,0.248,0.175
440,0.319,0.238
441,0.34,0.258
442,0.341,0.218
443,0.102,0.136
444,0.031,0.038
445,0.009,0.024
446,0.248,0.074
447,0.316,0.147
448,0.319,0.148
449,0.341,0.029
450,0.102,-0.084
451,0.449,-0.113
452,0.463,0.094
453,0.384,0.068
454,0.36,0.088
455,0.353,0.106
456,0.116,0.06
457,0.106,0.024
458,0.032,0.08
459,0.01,0.089
460,0.248,0.07
461,0.318,-0.019
462,0.34,-0.071
463,0.341,-0.164
464,0.102,0.239
465,0.031,0.262
466,0.009,0.203
467,0.246,0.127
468,0.316,0.079
469,0.319,0.018
470,0.341,0.059
471,0.102,0.155
472,0.031,0.206
473,0.328,0.108
474,0.343,-0.016
475,0.344,-0.066
476,0.348,-0.101
477,0.433,-0.168
478,0.375,0.263
479,0.357,0.308
480,0.353,0.21
481,0.352,0.021
482,0.106,0.096
483,0.032,0.114
484,0.01,0.089
485,0.246,0.052
486,0.305,0.022
487,0.319,0.015
488,0.341,0.054
489,0.102,0.096
490,0.031,0.143
491,0.009,0.151
492,0.2,0.118
493,0.248,0.096
494,0.319,0.063
495,0.341,0.007
496,0.432,0.016
497,0.375,0.005
498,0.361,0.025
499,0.357,0.025
500,0.594,0.018
501,0.423,0.011
502,0.387,0.011
503,0.397,0.027
504,0.397,0.031
505,0.413,0.013
506,0.466,0.015
507,0.385,0.034
508,0.36,0.047
509,0.353,0.05
510,0.155,0.024
511,0.106,0.012
512,0.032,0.017
513,0.01,0.011
514,0.248,0.053
515,0.318,0.083
516,0.337,0.085
517,0.341,0.069
518,0.102,0.052
519,0.031,0.046
520,0.369,0.02
521,0.438,0.038
522,0.421,0.069
523,0.416,-0.073
524,0.428,-0.083
525,0.535,-0.061
526,0.406,-0.018
527,0.367,-0.011
528,0.357,-0.012
529,0.355,-0.017
530,0.106,-0.049
531,0.313,-0.077
532,0.339,-0.116
533,0.389,0.135
534,0.391,0.096
535,0.421,0.035
536,0.371,0.005
537,0.357,0.028
538,0.356,0.038
539,0.352,0.044
540,0.106,-0.044
541,0.035,-0.007
542,0.032,-0.079
543,0.01,-0.136
544,0.333,0.115
545,0.43,0.059
546,0.431,0.019
547,0.491,0.008
548,0.392,0.039
549,0.364,0.04
550,0.363,0.017
551,0.354,-0.023
552,0.106,-0.099
553,0.032,0.167
554,0.01,0.201
555,0.238,0.205
556,0.248,0.185
557,0.319,0.163
558,0.341,0.154
559,0.112,0.164
560,0.102,0.184
561,0.455,0.2
562,0.537,0.206
563,0.411,0.175
564,0.406,0.118
565,0.367,0.091
566,0.355,0.098
567,0.422,0.107
568,0.372,0.102
569,0.356,0.072
570,0.489,0.039
571,0.495,0.037
572,0.441,0.067
573,0.377,0.105
574,0.578,0.142
575,0.566,0.171
576,0.415,0.178
577,0.369,0.172
578,0.357,0.181
579,0.356,0.21
580,0.107,0.204
581,0.032,0.157
582,0.01,0.122
583,0.248,0.1
584,0.318,0.087
585,0.319,0.1
586,0.341,0.132
587,0.335,0.149
588,0.346,0.147
589,0.349,0.15
590,0.35,0.145
591,0.35,0.108
592,0.105,0.036
593,0.031,0.019
594,0.285,0.024
595,0.296,0.01
596,0.377,0.142
597,0.506,0.098
598,0.56,0.077
599,0.562,0.263
600,0.536,0.178
601,0.406,0.133
602,0.369,0.248
603,0.367,0.198
604,0.355,0.104
605,0.107,0.049
606,0.035,0.101
607,0.032,0.206
608,0.01,0.294
609,0.248,0.318
610,0.319,0.278
611,0.549,0.24
612,0.479,0.268
613,0.406,0.411
614,0.388,0.524
615,0.361,0.524
616,0.353,0.524
617,0.116,0.524
618,0.047,0.524
619,0.032,0.359
620,0.01,0.395
621,0.248,0.524
622,0.319,0.524
623,0.34,0.524
624,0.341,0.524
625,0.102,0.493
626,0.031,0.524
627,0.009,0.524
628,0.248,0.524
629,0.316,0.524
630,0.319,0.524
631,0.341,0.524
632,0.102,0.524
633,0.031,0.524
634,0.009,0.494
635,0.246,0.425
636,0.248,0.524
637,0.319,0.524
638,0.341,0.524
639,0.102,0.524
640,0.031,0.524
641,0.009,0.468
642,0.2,0.227
643,0.248,0.252
644,0.319,0.524
645,0.341,0.524
646,0.102,0.524
647,0.034,0.524
648,0.031,0.524
649,0.009,0.434
650,0.248,0.276
651,0.316,0.406
652,0.319,0.524
653,0.341,0.524
654,0.102,0.524
655,0.034,0.524
656,0.031,0.524
657,0.009,0.307
658,0.179,0.166
659,0.212,0.271
660,0.213,0.524
661,0.207,0.524
662,0.191,0.524
663,0.174,0.524
664,0.173,0.521
665,0.156,0.445
666,0.141,0.455
667,0.287,0.524
668,0.322,0.524
669,0.331,0.524
670,0.344,0.524
671,0.103,0.524
672,0.031,0.496
673,0.01,0.524
674,0.009,0.524
675,0.248,0.524
676,0.319,0.524
677,0.34,0.524
678,0.341,0.524
679,0.102,0.524
680,0.031,0.524
681,0.009,0.448
682,0.248,0.336
683,0.316,0.262
684,0.319,0.239
685,0.341,0.23
686,0.102,0.199
687,0.319,0.148
688,0.423,0.112
689,0.48,0.092
690,0.494,0.096
691,0.559,0.123
692,0.414,0.14
693,0.378,0.134
694,0.369,0.105
695,0.619,0.061
696,0.433,0.029
697,0.431,0.022
698,0.374,0.021
699,0.289,0.027
700,0.405,0.045
701,0.406,0.055
702,0.583,0.055
703,0.42,0.059
704,0.371,0.06
705,0.356,0.055
706,0.117,0.048
707,0.107,0.029
708,0.032,0.01
709,0.362,0.04
710,0.447,0.04
711,0.484,-0.023
712,0.504,-0.003
713,0.504,-0.036
714,0.536,-0.062
715,0.406,0.07
716,0.367,0.069
717,0.367,0.066
718,0.355,0.045
719,0.107,0.004
720,0.032,0.028
721,0.355,0.034
722,0.43,0.021
723,0.467,-0.0
724,0.469,-0.019
725,0.489,-0.029
726,0.392,-0.032
727,0.363,0.037
728,0.354,0.045
729,0.108,0.05
730,0.047,0.034
731,0.032,0.003
732,0.321,0.025
733,0.391,0.026
734,0.452,-0.021
735,0.476,-0.006
736,0.406,-0.011
737,0.388,-0.02
738,0.361,-0.026
739,0.353,0.035
740,0.106,0.039
741,0.033,0.012
742,0.269,0.031
743,0.328,0.05
744,0.416,0.048
745,0.443,-0.034
746,0.47,-0.008
747,0.389,-0.019
748,0.386,-0.042
749,0.361,-0.061
750,0.353,0.074
751,0.116,0.06
752,0.106,0.018
753,0.032,0.028
754,0.01,0.05
755,0.311,0.043
756,0.366,-0.025
757,0.37,-0.007
758,0.37,-0.01
759,0.356,-0.02
760,0.352,-0.031
761,0.351,-0.048
762,0.351,0.057
763,0.487,0.042
764,0.391,0.004
765,0.362,0.027
766,0.417,0.035
767,0.431,0.032
768,0.374,-0.022
769,0.354,-0.006
770,0.351,-0.004
771,0.35,-0.011
772,0.35,-0.029
773,0.35,-0.045
774,0.105,0.041
775,0.033,0.03
776,0.032,0.019
777,0.009,0.006
778,0.248,0.008
779,0.378,0.025
780,0.405,0.051
781,0.368,-0.078
782,0.366,-0.076
783,0.355,-0.039
784,0.351,-0.011
785,0.115,-0.036
786,0.105,-0.011
787,0.032,-0.023
788,0.009,0.039
789,0.238,0.046
790,0.248,-0.042
791,0.319,-0.033
792,0.341,-0.03
793,0.112,-0.029
794,0.102,-0.026
795,0.031,-0.022
796,0.271,-0.017
797,0.324,-0.009
798,0.326,-0.003
799,0.343,-0.017
800,0.348,-0.029
801,0.348,0.04
802,0.582,0.052
803,0.659,0.064
804,0.696,0.073
805,0.722,0.079
806,0.723,0.083
807,0.73,0.087
808,0.705,0.086
809,0.705,0.072
810,0.679,0.05
811,0.654,0.036
812,0.589,0.04
813,0.588,0.065
814,0.502,0.101
815,0.447,0.129
816,0.479,0.139
817,0.489,0.13
818,0.489,0.117
819,0.427,0.116
820,0.373,0.136
821,0.373,0.196
822,0.357,0.293
823,0.352,0.373
824,0.106,0.409
825,0.047,0.43
826,0.032,0.457
827,0.01,0.507
828,0.248,0.524
829,0.305,0.524
830,0.319,0.524
831,0.341,0.524
832,0.102,0.524
833,0.034,0.524
834,0.013,0.524
835,0.009,0.524
836,0.248,0.524
837,0.319,0.524
838,0.341,0.524
839,0.102,0.524
840,0.034,0.524
841,0.031,0.524
842,0.009,0.497
843,0.248,0.371
844,0.251,0.39
845,0.237,0.524
846,0.234,0.524
847,0.315,0.524
848,0.34,0.524
849,0.102,0.524
850,0.034,0.401
851,0.031,0.363
852,0.009,0.426
853,0.248,0.524
854,0.318,0.524
855,0.319,0.524
856,0.341,0.524
857,0.102,0.41
858,0.031,0.244
859,0.009,0.301
860,0.238,0.514
861,0.248,0.524
862,0.319,0.524
863,0.341,0.524
864,0.102,0.524
865,0.031,0.047
866,0.013,0.171
867,0.009,0.204
868,0.248,0.344
869,0.318,0.333
870,0.34,0.461
871,0.341,0.524
872,0.102,0.524
873,0.031,0.524
874,0.009,0.524
875,0.246,0.524
876,0.251,0.524
877,0.251,0.524
878,0.32,0.524
879,0.272,0.524
880,0.327,0.452
881,0.098,0.342
882,0.032,0.451
883,0.013,0.524
884,0.009,0.524
885,0.179,0.524
886,0.212,0.524
887,0.207,0.524
888,0.191,0.524
889,0.28,0.38
890,0.302,0.226
891,0.336,0.226
892,0.346,0.268
893,0.104,0.319
894,0.034,0.431
895,0.031,0.524
896,0.009,0.524
897,0.248,0.524
898,0.383,0.415
899,0.389,0.216
900,0.473,0.109
901,0.388,0.176
902,0.362,0.524
903,0.361,0.524
904,0.353,0.144
905,0.106,0.026
906,0.106,0.029
907,0.014,0.031
908,0.01,0.029
909,0.248,0.021
910,0.319,0.012
911,0.34,0.007
912,0.341,0.007
913,0.102,0.012
914,0.031,0.022
915,0.01,0.033
916,0.009,0.042
917,0.51,0.037
918,0.0,0.027
